kode_provinsi,nama_provinsi,kode_kabupaten_kota,nama_kabupaten_kota,tahun,pelayanan_non_rawat_inap,pelayanan_rawat_inap,jumlah_bidan,jumlah_dokter,jumlah_perawat,jumlah_penyakit_tidak_menular,jumlah_penyakit_menular,jumlah_penduduk
35,JAWA TIMUR,3501,PACITAN,2018,9,15,347,141,619,41173,292,592938
35,JAWA TIMUR,3502,PONOROGO,2018,12,19,519,129,990,46778,479,962125
35,JAWA TIMUR,3503,TRENGGALEK,2018,3,19,384,227,792,40464,285,748432
35,JAWA TIMUR,3504,TULUNGAGUNG,2018,14,18,609,263,1098,114929,507,1109547
35,JAWA TIMUR,3505,BLITAR,2018,6,18,540,233,837,65232,392,1230159
35,JAWA TIMUR,3506,KEDIRI,2018,29,8,709,380,981,43288,516,1647835
35,JAWA TIMUR,3507,MALANG,2018,0,39,573,169,1291,296972,803,2492110
35,JAWA TIMUR,3508,LUMAJANG,2018,3,22,416,105,990,64334,222,1124756
35,JAWA TIMUR,3509,JEMBER,2018,33,17,1060,150,2010,81963,611,2556614
35,JAWA TIMUR,3510,BANYUWANGI,2018,26,19,953,207,1342,175108,74,1733027
35,JAWA TIMUR,3511,BONDOWOSO,2018,0,25,714,144,943,92623,304,793271
35,JAWA TIMUR,3512,SITUBONDO,2018,1,16,333,87,539,71467,238,686918
35,JAWA TIMUR,3513,PROBOLINGGO,2018,13,20,817,82,1053,45539,283,1124989
35,JAWA TIMUR,3514,PASURUAN,2018,16,17,671,122,837,294756,449,1584929
35,JAWA TIMUR,3515,SIDOARJO,2018,12,14,1029,937,3164,194441,372,1882435
35,JAWA TIMUR,3516,MOJOKERTO,2018,10,17,636,136,1176,46130,473,1120249
35,JAWA TIMUR,3517,JOMBANG,2018,14,20,1281,247,1633,53299,612,1325122
35,JAWA TIMUR,3518,NGANJUK,2018,6,14,665,248,874,74774,282,1112142
35,JAWA TIMUR,3519,MADIUN,2018,17,9,371,94,706,90553,138,740816
35,JAWA TIMUR,3520,MAGETAN,2018,5,17,542,212,873,105269,186,691939
35,JAWA TIMUR,3521,NGAWI,2018,16,8,667,213,1072,158925,874,906929
35,JAWA TIMUR,3522,BOJONEGORO,2018,10,26,897,200,1107,176376,658,1325739
35,JAWA TIMUR,3523,TUBAN,2018,26,7,487,203,961,80538,348,1198732
35,JAWA TIMUR,3524,LAMONGAN,2018,1,32,990,200,1969,103939,245,1361312
35,JAWA TIMUR,3525,GRESIK,2018,16,16,782,208,1224,92798,296,1265268
35,JAWA TIMUR,3526,BANGKALAN,2018,0,22,899,130,895,54345,341,1066890
35,JAWA TIMUR,3527,SAMPANG,2018,3,18,559,95,858,28090,546,854470
35,JAWA TIMUR,3528,PAMEKASAN,2018,0,20,670,109,1035,87549,374,820939
35,JAWA TIMUR,3529,SUMENEP,2018,0,30,672,75,1060,58834,680,1130529
35,JAWA TIMUR,3571,KOTA KEDIRI,2018,5,4,369,160,1231,13935,81,292009
35,JAWA TIMUR,3572,KOTA BLITAR,2018,1,2,155,127,553,17175,147,156733
35,JAWA TIMUR,3573,KOTA MALANG,2018,10,6,686,679,2929,63169,246,847378
35,JAWA TIMUR,3574,KOTA PROBOLINGGO,2018,4,2,162,159,654,23470,64,238250
35,JAWA TIMUR,3575,KOTA PASURUAN,2018,8,0,202,103,439,28737,60,209139
35,JAWA TIMUR,3576,KOTA MOJOKERTO,2018,3,2,105,70,290,47736,31,143826
35,JAWA TIMUR,3577,KOTA MADIUN,2018,4,2,263,291,1051,26210,99,205541
35,JAWA TIMUR,3578,SURABAYA,2018,41,22,1264,786,6872,489229,656,2915910
35,JAWA TIMUR,3579,KOTA BATU,2018,2,3,87,95,309,13292,80,209933
35,JAWA TIMUR,3501,PACITAN,2019,9,15,346,99,624,29288,670,596546
35,JAWA TIMUR,3502,PONOROGO,2019,12,19,565,108,1218,61691,1842,971193
35,JAWA TIMUR,3503,TRENGGALEK,2019,3,19,395,145,917,72714,613,750251
35,JAWA TIMUR,3504,TULUNGAGUNG,2019,14,18,635,232,1658,71059,1288,1118814
35,JAWA TIMUR,3505,BLITAR,2019,6,18,427,174,870,216193,856,1246653
35,JAWA TIMUR,3506,KEDIRI,2019,29,8,677,195,1051,109213,1668,1662508
35,JAWA TIMUR,3507,MALANG,2019,0,39,951,344,2661,229420,1970,2549807
35,JAWA TIMUR,3508,LUMAJANG,2019,3,22,541,121,1172,149053,1097,1128777
35,JAWA TIMUR,3509,JEMBER,2019,33,17,1065,179,2039,392779,2083,2568884
35,JAWA TIMUR,3510,BANYUWANGI,2019,26,19,912,308,1693,372277,789,1747663
35,JAWA TIMUR,3511,BONDOWOSO,2019,0,25,603,301,1060,86686,541,797592
35,JAWA TIMUR,3512,SITUBONDO,2019,2,18,330,102,547,135182,831,691622
35,JAWA TIMUR,3513,PROBOLINGGO,2019,13,20,675,102,964,95753,649,1138332
35,JAWA TIMUR,3514,PASURUAN,2019,16,17,708,165,1035,426749,819,1592078
35,JAWA TIMUR,3515,SIDOARJO,2019,12,14,1021,459,2856,404269,935,1926588
35,JAWA TIMUR,3516,MOJOKERTO,2019,10,17,606,395,1558,107086,456,1138429
35,JAWA TIMUR,3517,JOMBANG,2019,14,20,1197,239,1662,143479,645,1343212
35,JAWA TIMUR,3518,NGANJUK,2019,6,14,729,199,1156,46202,554,1123463
35,JAWA TIMUR,3519,MADIUN,2019,17,9,404,91,764,35019,434,749066
35,JAWA TIMUR,3520,MAGETAN,2019,5,17,548,88,712,121267,568,699078
35,JAWA TIMUR,3521,NGAWI,2019,16,8,689,161,1114,112256,1519,913553
35,JAWA TIMUR,3522,BOJONEGORO,2019,10,26,1020,214,1210,242645,691,1335840
35,JAWA TIMUR,3523,TUBAN,2019,26,7,491,100,860,103215,690,1211453
35,JAWA TIMUR,3524,LAMONGAN,2019,1,32,931,191,1714,337121,631,1373390
35,JAWA TIMUR,3525,GRESIK,2019,16,16,801,210,1146,99174,651,1275063
35,JAWA TIMUR,3526,BANGKALAN,2019,0,22,1095,126,1029,87320,398,1076333
35,JAWA TIMUR,3527,SAMPANG,2019,3,18,624,87,913,215980,592,860649
35,JAWA TIMUR,3528,PAMEKASAN,2019,0,20,692,124,1131,92792,604,827005
35,JAWA TIMUR,3529,SUMENEP,2019,0,30,1027,185,1244,61421,752,1134129
35,JAWA TIMUR,3571,KOTA KEDIRI,2019,5,4,390,173,1285,27238,457,294950
35,JAWA TIMUR,3572,KOTA BLITAR,2019,1,2,159,104,601,43169,379,157880
35,JAWA TIMUR,3573,KOTA MALANG,2019,10,6,727,725,3043,79842,1104,860452
35,JAWA TIMUR,3574,KOTA PROBOLINGGO,2019,4,2,187,137,561,26635,428,240589
35,JAWA TIMUR,3575,KOTA PASURUAN,2019,8,0,234,90,478,46150,188,211008
35,JAWA TIMUR,3576,KOTA MOJOKERTO,2019,4,2,107,68,293,21648,102,138943
35,JAWA TIMUR,3577,KOTA MADIUN,2019,4,2,264,152,1066,68426,402,206831
35,JAWA TIMUR,3578,SURABAYA,2019,41,22,1421,896,6999,617181,1817,2950230
35,JAWA TIMUR,3579,KOTA BATU,2019,2,3,110,98,411,12982,90,212296
35,JAWA TIMUR,3501,PACITAN,2020,9,15,374,89,629,46806,1503,597473
35,JAWA TIMUR,3502,PONOROGO,2020,12,19,609,147,1370,55887,1538,977783
35,JAWA TIMUR,3503,TRENGGALEK,2020,3,19,398,98,894,80120,1448,753820
35,JAWA TIMUR,3504,TULUNGAGUNG,2020,14,18,609,231,1463,84288,1878,1126543
35,JAWA TIMUR,3505,BLITAR,2020,6,18,561,184,848,142546,2123,1249190
35,JAWA TIMUR,3506,KEDIRI,2020,29,8,828,256,1315,62406,2946,1673569
35,JAWA TIMUR,3507,MALANG,2020,0,39,862,345,2735,188607,3182,2585426
35,JAWA TIMUR,3508,LUMAJANG,2020,3,22,590,141,1343,103121,3457,1117636
35,JAWA TIMUR,3509,JEMBER,2020,33,17,1082,282,2305,219352,6227,2578949
35,JAWA TIMUR,3510,BANYUWANGI,2020,26,19,1093,316,1759,278525,4861,1754719
35,JAWA TIMUR,3511,BONDOWOSO,2020,0,25,621,88,1071,40626,1944,801425
35,JAWA TIMUR,3512,SITUBONDO,2020,2,18,668,96,908,122002,2355,694225
35,JAWA TIMUR,3513,PROBOLINGGO,2020,13,20,717,110,999,39964,2619,1146131
35,JAWA TIMUR,3514,PASURUAN,2020,16,17,750,184,1217,298846,2670,1603550
35,JAWA TIMUR,3515,SIDOARJO,2020,12,14,987,589,3028,294723,8567,1940056
35,JAWA TIMUR,3516,MOJOKERTO,2020,10,17,654,192,1369,189052,1666,1146187
35,JAWA TIMUR,3517,JOMBANG,2020,14,20,1150,248,1744,144728,2693,1350105
35,JAWA TIMUR,3518,NGANJUK,2020,6,14,774,202,1194,64808,1311,1128924
35,JAWA TIMUR,3519,MADIUN,2020,17,9,425,104,776,24687,587,754165
35,JAWA TIMUR,3520,MAGETAN,2020,5,17,530,95,686,130396,1315,689210
35,JAWA TIMUR,3521,NGAWI,2020,16,8,637,181,1156,100336,979,916022
35,JAWA TIMUR,3522,BOJONEGORO,2020,10,26,997,221,1348,214112,1588,1343659
35,JAWA TIMUR,3523,TUBAN,2020,26,7,491,143,923,69020,1948,1219609
35,JAWA TIMUR,3524,LAMONGAN,2020,1,32,970,219,1863,328352,2075,1379628
35,JAWA TIMUR,3525,GRESIK,2020,16,16,900,297,1700,77029,4387,1283826
35,JAWA TIMUR,3526,BANGKALAN,2020,0,22,993,110,1007,98402,1244,1082656
35,JAWA TIMUR,3527,SAMPANG,2020,3,18,477,79,468,39730,1018,882242
35,JAWA TIMUR,3528,PAMEKASAN,2020,0,20,665,133,1145,108805,1156,832262
35,JAWA TIMUR,3529,SUMENEP,2020,0,30,969,88,1112,138830,1580,1138168
35,JAWA TIMUR,3571,KOTA KEDIRI,2020,5,4,445,195,1427,19723,1115,292262
35,JAWA TIMUR,3572,KOTA BLITAR,2020,1,2,156,125,683,6000,871,158313
35,JAWA TIMUR,3573,KOTA MALANG,2020,10,6,778,438,3316,54560,4439,866252
35,JAWA TIMUR,3574,KOTA PROBOLINGGO,2020,4,2,195,131,562,17026,1659,242097
35,JAWA TIMUR,3575,KOTA PASURUAN,2020,8,0,224,96,476,31897,1097,210247
35,JAWA TIMUR,3576,KOTA MOJOKERTO,2020,4,2,174,111,776,22084,1103,139774
35,JAWA TIMUR,3577,KOTA MADIUN,2020,4,2,277,155,1101,46707,582,203767
35,JAWA TIMUR,3578,SURABAYA,2020,41,22,1512,1084,8814,707155,19070,2970730
35,JAWA TIMUR,3579,KOTA BATU,2020,2,3,111,104,454,14214,1123,213806
35,JAWA TIMUR,3501,PACITAN,2021,9,15,411,136,593,99,7600,597998
35,JAWA TIMUR,3502,PONOROGO,2021,12,19,755,300,1457,31,11496,969456
35,JAWA TIMUR,3503,TRENGGALEK,2021,2,20,460,148,886,51,7331,747195
35,JAWA TIMUR,3504,TULUNGAGUNG,2021,15,17,1051,402,1820,31,7423,1127017
35,JAWA TIMUR,3505,BLITAR,2021,6,18,686,294,775,88,9261,1229275
35,JAWA TIMUR,3506,KEDIRI,2021,29,8,987,421,1381,114,12133,1673158
35,JAWA TIMUR,3507,MALANG,2021,0,39,1316,652,2791,129,13586,2635950
35,JAWA TIMUR,3508,LUMAJANG,2021,0,25,859,346,1412,89,6813,1092729
35,JAWA TIMUR,3509,JEMBER,2021,7,43,1625,654,2130,200,12929,2582673
35,JAWA TIMUR,3510,BANYUWANGI,2021,27,18,1218,604,1525,365,10192,1750778
35,JAWA TIMUR,3511,BONDOWOSO,2021,0,25,707,134,830,35,5196,802102
35,JAWA TIMUR,3512,SITUBONDO,2021,2,18,770,155,725,134,6094,666619
35,JAWA TIMUR,3513,PROBOLINGGO,2021,12,21,959,189,997,44,5335,1157408
35,JAWA TIMUR,3514,PASURUAN,2021,16,17,1121,348,1735,261,6815,1605037
35,JAWA TIMUR,3515,SIDOARJO,2021,13,14,1363,1010,2893,292,18097,1952565
35,JAWA TIMUR,3516,MOJOKERTO,2021,10,17,747,302,1270,145,6748,1127648
35,JAWA TIMUR,3517,JOMBANG,2021,15,19,1340,423,1583,251,10360,1351420
35,JAWA TIMUR,3518,NGANJUK,2021,6,14,836,245,1035,67,12055,1133909
35,JAWA TIMUR,3519,MADIUN,2021,16,10,510,136,695,31,8677,754456
35,JAWA TIMUR,3520,MAGETAN,2021,5,17,655,216,985,94,9898,689541
35,JAWA TIMUR,3521,NGAWI,2021,1,23,695,275,1199,162,7895,896963
35,JAWA TIMUR,3522,BOJONEGORO,2021,10,26,1123,412,1125,170,6405,1342434
35,JAWA TIMUR,3523,TUBAN,2021,25,8,794,311,839,50,6156,1223418
35,JAWA TIMUR,3524,LAMONGAN,2021,1,32,1241,533,1806,250,5336,1380145
35,JAWA TIMUR,3525,GRESIK,2021,16,16,1199,705,1865,51,9656,1284158
35,JAWA TIMUR,3526,BANGKALAN,2021,0,22,1072,205,636,69,5490,1083192
35,JAWA TIMUR,3527,SAMPANG,2021,3,19,870,127,694,13,2907,927632
35,JAWA TIMUR,3528,PAMEKASAN,2021,0,21,714,226,949,223,2190,845110
35,JAWA TIMUR,3529,SUMENEP,2021,0,30,1191,137,1030,42,4313,1134810
35,JAWA TIMUR,3571,KOTA KEDIRI,2021,5,4,538,400,1255,22,3642,292597
35,JAWA TIMUR,3572,KOTA BLITAR,2021,1,2,200,171,606,8,6468,158244
35,JAWA TIMUR,3573,KOTA MALANG,2021,16,0,873,2053,3265,62,12515,866477
35,JAWA TIMUR,3574,KOTA PROBOLINGGO,2021,4,2,304,194,512,21,3471,242419
35,JAWA TIMUR,3575,KOTA PASURUAN,2021,8,0,262,161,476,51,3089,210598
35,JAWA TIMUR,3576,KOTA MOJOKERTO,2021,4,2,217,171,572,36,3491,140165
35,JAWA TIMUR,3577,KOTA MADIUN,2021,5,1,339,244,1118,49,7004,201452
35,JAWA TIMUR,3578,SURABAYA,2021,41,22,1950,5299,9444,479,49775,2970952
35,JAWA TIMUR,3579,KOTA BATU,2021,2,3,154,180,441,11,2119,215394
35,JAWA TIMUR,3501,PACITAN,2022,9,15,434,93,756,96220,2235,599182
35,JAWA TIMUR,3502,PONOROGO,2022,12,19,828,258,1548,83167,3116,970493
35,JAWA TIMUR,3503,TRENGGALEK,2022,2,20,462,124,1026,214529,2313,751079
35,JAWA TIMUR,3504,TULUNGAGUNG,2022,15,17,1029,279,2186,136041,3424,1128087
35,JAWA TIMUR,3505,BLITAR,2022,6,18,728,214,1098,352263,3279,1239565
35,JAWA TIMUR,3506,KEDIRI,2022,29,8,990,322,1651,178368,9069,1674818
35,JAWA TIMUR,3507,MALANG,2022,0,39,1382,608,3664,250173,15346,2681530
35,JAWA TIMUR,3508,LUMAJANG,2022,0,25,799,204,1538,144578,3845,1097504
35,JAWA TIMUR,3509,JEMBER,2022,7,43,1637,436,2973,306496,7706,2585275
35,JAWA TIMUR,3510,BANYUWANGI,2022,27,18,1161,342,1958,352612,7622,1762181
35,JAWA TIMUR,3511,BONDOWOSO,2022,0,25,717,100,1223,40242,2654,802864
35,JAWA TIMUR,3512,SITUBONDO,2022,2,18,752,103,1052,135378,2501,673102
35,JAWA TIMUR,3513,PROBOLINGGO,2022,12,21,809,126,1259,63192,2693,1167509
35,JAWA TIMUR,3514,PASURUAN,2022,16,17,1094,251,1756,363060,5343,1616190
35,JAWA TIMUR,3515,SIDOARJO,2022,13,14,1453,776,3857,504944,26020,1975036
35,JAWA TIMUR,3516,MOJOKERTO,2022,10,17,804,293,1683,201314,4266,1134913
35,JAWA TIMUR,3517,JOMBANG,2022,15,19,1297,279,1911,257619,5798,1359332
35,JAWA TIMUR,3518,NGANJUK,2022,6,14,809,206,1288,103271,5501,1135075
35,JAWA TIMUR,3519,MADIUN,2022,16,10,538,120,859,59266,3187,755733
35,JAWA TIMUR,3520,MAGETAN,2022,5,17,578,129,932,188106,3459,690245
35,JAWA TIMUR,3521,NGAWI,2022,1,23,740,184,1353,215113,3719,898330
35,JAWA TIMUR,3522,BOJONEGORO,2022,9,26,1059,240,1577,278630,3838,1350650
35,JAWA TIMUR,3523,TUBAN,2022,25,8,767,206,1168,224226,3092,1244636
35,JAWA TIMUR,3524,LAMONGAN,2022,1,31,1240,363,2441,336384,3495,1381414
35,JAWA TIMUR,3525,GRESIK,2022,16,16,1265,489,2350,86211,10013,1291518
35,JAWA TIMUR,3526,BANGKALAN,2022,0,22,1161,123,1233,135615,2117,1039288
35,JAWA TIMUR,3527,SAMPANG,2022,3,19,862,98,1097,80417,1637,972961
35,JAWA TIMUR,3528,PAMEKASAN,2022,0,21,793,146,1339,162086,1307,869711
35,JAWA TIMUR,3529,SUMENEP,2022,0,30,1288,118,1531,252726,1953,1135903
35,JAWA TIMUR,3571,KOTA KEDIRI,2022,5,4,547,252,1661,38213,2569,294692
35,JAWA TIMUR,3572,KOTA BLITAR,2022,1,2,171,109,802,37174,1207,158558
35,JAWA TIMUR,3573,KOTA MALANG,2022,16,0,892,1332,3835,128549,17493,871123
35,JAWA TIMUR,3574,KOTA PROBOLINGGO,2022,4,2,259,122,551,30929,1549,243088
35,JAWA TIMUR,3575,KOTA PASURUAN,2022,8,0,237,96,485,52408,1525,211372
35,JAWA TIMUR,3576,KOTA MOJOKERTO,2022,4,2,230,172,949,33250,1238,140730
35,JAWA TIMUR,3577,KOTA MADIUN,2022,5,1,338,169,1337,38735,3860,201760
35,JAWA TIMUR,3578,SURABAYA,2022,41,22,2068,4185,11668,686072,78934,2987863
35,JAWA TIMUR,3579,KOTA BATU,2022,2,3,152,154,548,30868,2466,217871
35,JAWA TIMUR,3501,PACITAN,2023,9,15,412,0,738,99836,322,597390
35,JAWA TIMUR,3502,PONOROGO,2023,12,19,759,0,1629,149775,414,975858
35,JAWA TIMUR,3503,TRENGGALEK,2023,2,20,491,0,1032,224076,379,756109
35,JAWA TIMUR,3504,TULUNGAGUNG,2023,15,17,1038,0,2259,258200,734,1134703
35,JAWA TIMUR,3505,BLITAR,2023,6,18,731,0,1186,390004,755,1252242
35,JAWA TIMUR,3506,KEDIRI,2023,29,8,926,0,1632,439943,982,1684454
35,JAWA TIMUR,3507,MALANG,2023,0,39,1369,0,3698,830242,2007,2711102
35,JAWA TIMUR,3508,LUMAJANG,2023,0,25,796,0,1600,230032,893,1108487
35,JAWA TIMUR,3509,JEMBER,2023,7,43,1629,0,2996,198428,1755,2600663
35,JAWA TIMUR,3510,BANYUWANGI,2023,27,18,1139,0,2010,455903,1049,1780015
35,JAWA TIMUR,3511,BONDOWOSO,2023,0,25,709,0,1259,180030,502,796911
35,JAWA TIMUR,3512,SITUBONDO,2023,2,18,733,0,1054,164379,838,684343
35,JAWA TIMUR,3513,PROBOLINGGO,2023,12,21,788,0,1276,130325,1245,1180367
35,JAWA TIMUR,3514,PASURUAN,2023,16,17,1076,0,1794,505627,1201,1634022
35,JAWA TIMUR,3515,SIDOARJO,2023,16,14,1444,0,4111,662541,1665,1996825
35,JAWA TIMUR,3516,MOJOKERTO,2023,10,17,786,0,1737,356418,704,1147435
35,JAWA TIMUR,3517,JOMBANG,2023,15,19,1277,0,1954,330604,822,1370510
35,JAWA TIMUR,3518,NGANJUK,2023,6,14,759,0,1307,185045,921,1144508
35,JAWA TIMUR,3519,MADIUN,2023,16,10,531,0,889,130410,488,747589
35,JAWA TIMUR,3520,MAGETAN,2023,5,17,591,0,973,218321,424,692553
35,JAWA TIMUR,3521,NGAWI,2023,1,23,714,0,1314,262065,639,904094
35,JAWA TIMUR,3522,BOJONEGORO,2023,9,26,1243,0,1699,332551,740,1363058
35,JAWA TIMUR,3523,TUBAN,2023,25,8,756,0,1249,283784,607,1258368
35,JAWA TIMUR,3524,LAMONGAN,2023,1,31,1226,0,2452,360644,769,1385835
35,JAWA TIMUR,3525,GRESIK,2023,16,16,1236,0,2300,268912,933,1304203
35,JAWA TIMUR,3526,BANGKALAN,2023,0,22,1129,0,1244,301530,456,1047306
35,JAWA TIMUR,3527,SAMPANG,2023,3,19,865,0,1139,292124,661,988360
35,JAWA TIMUR,3528,PAMEKASAN,2023,0,21,802,0,1351,236875,602,882837
35,JAWA TIMUR,3529,SUMENEP,2023,0,30,1260,0,1575,264042,741,1142210
35,JAWA TIMUR,3571,KOTA KEDIRI,2023,5,4,536,0,1689,93610,335,298820
35,JAWA TIMUR,3572,KOTA BLITAR,2023,1,2,180,0,818,52488,301,159781
35,JAWA TIMUR,3573,KOTA MALANG,2023,16,0,862,0,3761,223649,1400,880787
35,JAWA TIMUR,3574,KOTA PROBOLINGGO,2023,4,2,277,0,559,39805,390,244559
35,JAWA TIMUR,3575,KOTA PASURUAN,2023,8,0,264,0,526,58612,204,212466
35,JAWA TIMUR,3576,KOTA MOJOKERTO,2023,4,2,237,0,970,42763,139,141785
35,JAWA TIMUR,3577,KOTA MADIUN,2023,6,0,339,0,1284,50711,339,202544
35,JAWA TIMUR,3578,SURABAYA,2023,41,22,1891,0,10883,875411,5675,3009286
35,JAWA TIMUR,3579,KOTA BATU,2023,2,3,146,0,563,47114,285,221714
35,JAWA TIMUR,3501,PACITAN,2024,9,15,3,0,185,124298,553,588718
35,JAWA TIMUR,3502,PONOROGO,2024,13,18,4,0,445,172338,632,979008
35,JAWA TIMUR,3503,TRENGGALEK,2024,3,19,0,0,233,64480,1166,753810
35,JAWA TIMUR,3504,TULUNGAGUNG,2024,15,17,2,0,589,296597,1832,1139224
35,JAWA TIMUR,3505,BLITAR,2024,9,15,6,0,455,391130,1590,1261699
35,JAWA TIMUR,3506,KEDIRI,2024,29,8,3,0,753,120174,837,1691976
35,JAWA TIMUR,3507,MALANG,2024,0,39,17,0,1671,247869,4666,2734623
35,JAWA TIMUR,3508,LUMAJANG,2024,0,25,2,0,435,274601,1350,1116231
35,JAWA TIMUR,3509,JEMBER,2024,7,43,6,0,921,184554,2462,2615874
35,JAWA TIMUR,3510,BANYUWANGI,2024,27,18,5,0,705,132739,1075,1791789
35,JAWA TIMUR,3511,BONDOWOSO,2024,0,25,1,0,235,83309,1186,788007
35,JAWA TIMUR,3512,SITUBONDO,2024,3,17,1,0,245,164007,1396,691635
35,JAWA TIMUR,3513,PROBOLINGGO,2024,13,20,0,0,291,104769,3232,1200931
35,JAWA TIMUR,3514,PASURUAN,2024,16,17,2,0,673,108643,1915,1665922
35,JAWA TIMUR,3515,SIDOARJO,2024,17,14,6,0,2203,130584,1133,2027874
35,JAWA TIMUR,3516,MOJOKERTO,2024,10,17,1,0,753,117137,542,1156144
35,JAWA TIMUR,3517,JOMBANG,2024,14,20,3,0,644,359973,720,1378005
35,JAWA TIMUR,3518,NGANJUK,2024,6,14,3,0,359,237392,1740,1152575
35,JAWA TIMUR,3519,MADIUN,2024,16,10,0,0,265,61050,518,737875
35,JAWA TIMUR,3520,MAGETAN,2024,4,18,0,0,262,235752,727,692800
35,JAWA TIMUR,3521,NGAWI,2024,3,21,2,0,440,299126,843,907002
35,JAWA TIMUR,3522,BOJONEGORO,2024,9,26,2,0,491,128968,1017,1366227
35,JAWA TIMUR,3523,TUBAN,2024,25,8,2,0,452,75828,1245,1266396
35,JAWA TIMUR,3524,LAMONGAN,2024,1,31,1,0,729,361720,1232,1367503
35,JAWA TIMUR,3525,GRESIK,2024,16,16,4,0,1129,145935,875,1327497
35,JAWA TIMUR,3526,BANGKALAN,2024,0,22,5,0,288,71362,536,1042031
35,JAWA TIMUR,3527,SAMPANG,2024,1,21,1,0,216,249446,1170,1033926
35,JAWA TIMUR,3528,PAMEKASAN,2024,0,21,0,0,288,240414,1254,904965
35,JAWA TIMUR,3529,SUMENEP,2024,0,30,1,0,309,270023,1941,1143002
35,JAWA TIMUR,3571,KOTA KEDIRI,2024,6,3,9,0,733,27041,550,301424
35,JAWA TIMUR,3572,KOTA BLITAR,2024,3,0,2,0,302,53759,225,161204
35,JAWA TIMUR,3573,KOTA MALANG,2024,16,0,13,0,2039,94250,1342,889359
35,JAWA TIMUR,3574,KOTA PROBOLINGGO,2024,4,2,1,0,278,48330,610,243746
35,JAWA TIMUR,3575,KOTA PASURUAN,2024,8,0,1,0,261,18844,287,213469
35,JAWA TIMUR,3576,KOTA MOJOKERTO,2024,6,0,4,0,396,16010,129,142272
35,JAWA TIMUR,3577,KOTA MADIUN,2024,6,0,5,0,521,23764,756,201733
35,JAWA TIMUR,3578,SURABAYA,2024,40,23,69,0,7446,851331,2299,3018022
35,JAWA TIMUR,3579,KOTA BATU,2024,2,3,4,0,303,58862,511,225408
