kode_kabupaten_kota,nama_kabupaten_kota,tahun,JUMLAH_BIDAN,JUMLAH_DOKTER,JUMLAH_PERAWAT
3501,KABUPATEN PACITAN,2018,347,141,619
3502,KABUPATEN PONOROGO,2018,519,129,990
3503,KABUPATEN TRENGGALEK,2018,384,227,792
3504,KABUPATEN TULUNGAGUNG,2018,609,263,1098
3505,KABUPATEN BLITAR,2018,540,233,837
3506,KABUPATEN KEDIRI,2018,709,380,981
3507,KABUPATEN MALANG,2018,573,169,1291
3508,KABUPATEN LUMAJANG,2018,416,105,990
3509,KABUPATEN JEMBER,2018,1060,150,2010
3510,KABUPATEN BANYUWANGI,2018,953,207,1342
3511,KABUPATEN BONDOWOSO,2018,714,144,943
3512,KABUPATEN SITUBONDO,2018,333,87,539
3513,KABUPATEN PROBOLINGGO,2018,817,82,1053
3514,KABUPATEN PASURUAN,2018,671,122,837
3515,KABUPATEN SIDOARJO,2018,1029,937,3164
3516,KABUPATEN MOJOKERTO,2018,636,136,1176
3517,KABUPATEN JOMBANG,2018,1281,247,1633
3518,KABUPATEN NGANJUK,2018,665,248,874
3519,KABUPATEN MADIUN,2018,371,94,706
3520,KABUPATEN MAGETAN,2018,542,212,873
3521,KABUPATEN NGAWI,2018,667,213,1072
3522,KABUPATEN BOJONEGORO,2018,897,200,1107
3523,KABUPATEN TUBAN,2018,487,203,961
3524,KABUPATEN LAMONGAN,2018,990,200,1969
3525,KABUPATEN GRESIK,2018,782,208,1224
3526,KABUPATEN BANGKALAN,2018,899,130,895
3527,KABUPATEN SAMPANG,2018,559,95,858
3528,KABUPATEN PAMEKASAN,2018,670,109,1035
3529,KABUPATEN SUMENEP,2018,672,75,1060
3571,KOTA KEDIRI,2018,369,160,1231
3572,KOTA BLITAR,2018,155,127,553
3573,KOTA MALANG,2018,686,679,2929
3574,KOTA PROBOLINGGO,2018,162,159,654
3575,KOTA PASURUAN,2018,202,103,439
3576,KOTA MOJOKERTO,2018,105,70,290
3577,KOTA MADIUN,2018,263,291,1051
3578,KOTA SURABAYA,2018,1264,786,6872
3579,KOTA BATU,2018,87,95,309
3501,KABUPATEN PACITAN,2019,346,99,624
3502,KABUPATEN PONOROGO,2019,565,108,1218
3503,KABUPATEN TRENGGALEK,2019,395,145,917
3504,KABUPATEN TULUNGAGUNG,2019,635,232,1658
3505,KABUPATEN BLITAR,2019,427,174,870
3506,KABUPATEN KEDIRI,2019,677,195,1051
3507,KABUPATEN MALANG,2019,951,344,2661
3508,KABUPATEN LUMAJANG,2019,541,121,1172
3509,KABUPATEN JEMBER,2019,1065,179,2039
3510,KABUPATEN BANYUWANGI,2019,912,308,1693
3511,KABUPATEN BONDOWOSO,2019,603,301,1060
3512,KABUPATEN SITUBONDO,2019,330,102,547
3513,KABUPATEN PROBOLINGGO,2019,675,102,964
3514,KABUPATEN PASURUAN,2019,708,165,1035
3515,KABUPATEN SIDOARJO,2019,1021,459,2856
3516,KABUPATEN MOJOKERTO,2019,606,395,1558
3517,KABUPATEN JOMBANG,2019,1197,239,1662
3518,KABUPATEN NGANJUK,2019,729,199,1156
3519,KABUPATEN MADIUN,2019,404,91,764
3520,KABUPATEN MAGETAN,2019,548,88,712
3521,KABUPATEN NGAWI,2019,689,161,1114
3522,KABUPATEN BOJONEGORO,2019,1020,214,1210
3523,KABUPATEN TUBAN,2019,491,100,860
3524,KABUPATEN LAMONGAN,2019,931,191,1714
3525,KABUPATEN GRESIK,2019,801,210,1146
3526,KABUPATEN BANGKALAN,2019,1095,126,1029
3527,KABUPATEN SAMPANG,2019,624,87,913
3528,KABUPATEN PAMEKASAN,2019,692,124,1131
3529,KABUPATEN SUMENEP,2019,1027,185,1244
3571,KOTA KEDIRI,2019,390,173,1285
3572,KOTA BLITAR,2019,159,104,601
3573,KOTA MALANG,2019,727,725,3043
3574,KOTA PROBOLINGGO,2019,187,137,561
3575,KOTA PASURUAN,2019,234,90,478
3576,KOTA MOJOKERTO,2019,107,68,293
3577,KOTA MADIUN,2019,264,152,1066
3578,KOTA SURABAYA,2019,1421,896,6999
3579,KOTA BATU,2019,110,98,411
3501,KABUPATEN PACITAN,2020,374,89,629
3502,KABUPATEN PONOROGO,2020,609,147,1370
3503,KABUPATEN TRENGGALEK,2020,398,98,894
3504,KABUPATEN TULUNGAGUNG,2020,609,231,1463
3505,KABUPATEN BLITAR,2020,561,184,848
3506,KABUPATEN KEDIRI,2020,828,256,1315
3507,KABUPATEN MALANG,2020,862,345,2735
3508,KABUPATEN LUMAJANG,2020,590,141,1343
3509,KABUPATEN JEMBER,2020,1082,282,2305
3510,KABUPATEN BANYUWANGI,2020,1093,316,1759
3511,KABUPATEN BONDOWOSO,2020,621,88,1071
3512,KABUPATEN SITUBONDO,2020,668,96,908
3513,KABUPATEN PROBOLINGGO,2020,717,110,999
3514,KABUPATEN PASURUAN,2020,750,184,1217
3515,KABUPATEN SIDOARJO,2020,987,589,3028
3516,KABUPATEN MOJOKERTO,2020,654,192,1369
3517,KABUPATEN JOMBANG,2020,1150,248,1744
3518,KABUPATEN NGANJUK,2020,774,202,1194
3519,KABUPATEN MADIUN,2020,425,104,776
3520,KABUPATEN MAGETAN,2020,530,95,686
3521,KABUPATEN NGAWI,2020,637,181,1156
3522,KABUPATEN BOJONEGORO,2020,997,221,1348
3523,KABUPATEN TUBAN,2020,491,143,923
3524,KABUPATEN LAMONGAN,2020,970,219,1863
3525,KABUPATEN GRESIK,2020,900,297,1700
3526,KABUPATEN BANGKALAN,2020,993,110,1007
3527,KABUPATEN SAMPANG,2020,477,79,468
3528,KABUPATEN PAMEKASAN,2020,665,133,1145
3529,KABUPATEN SUMENEP,2020,969,88,1112
3571,KOTA KEDIRI,2020,445,195,1427
3572,KOTA BLITAR,2020,156,125,683
3573,KOTA MALANG,2020,778,438,3316
3574,KOTA PROBOLINGGO,2020,195,131,562
3575,KOTA PASURUAN,2020,224,96,476
3576,KOTA MOJOKERTO,2020,174,111,776
3577,KOTA MADIUN,2020,277,155,1101
3578,KOTA SURABAYA,2020,1512,1084,8814
3579,KOTA BATU,2020,111,104,454
3501,KABUPATEN PACITAN,2021,411,136,593
3502,KABUPATEN PONOROGO,2021,755,300,1457
3503,KABUPATEN TRENGGALEK,2021,460,148,886
3504,KABUPATEN TULUNGAGUNG,2021,1051,402,1820
3505,KABUPATEN BLITAR,2021,686,294,775
3506,KABUPATEN KEDIRI,2021,987,421,1381
3507,KABUPATEN MALANG,2021,1316,652,2791
3508,KABUPATEN LUMAJANG,2021,859,346,1412
3509,KABUPATEN JEMBER,2021,1625,654,2130
3510,KABUPATEN BANYUWANGI,2021,1218,604,1525
3511,KABUPATEN BONDOWOSO,2021,707,134,830
3512,KABUPATEN SITUBONDO,2021,770,155,725
3513,KABUPATEN PROBOLINGGO,2021,959,189,997
3514,KABUPATEN PASURUAN,2021,1121,348,1735
3515,KABUPATEN SIDOARJO,2021,1363,1010,2893
3516,KABUPATEN MOJOKERTO,2021,747,302,1270
3517,KABUPATEN JOMBANG,2021,1340,423,1583
3518,KABUPATEN NGANJUK,2021,836,245,1035
3519,KABUPATEN MADIUN,2021,510,136,695
3520,KABUPATEN MAGETAN,2021,655,216,985
3521,KABUPATEN NGAWI,2021,695,275,1199
3522,KABUPATEN BOJONEGORO,2021,1123,412,1125
3523,KABUPATEN TUBAN,2021,794,311,839
3524,KABUPATEN LAMONGAN,2021,1241,533,1806
3525,KABUPATEN GRESIK,2021,1199,705,1865
3526,KABUPATEN BANGKALAN,2021,1072,205,636
3527,KABUPATEN SAMPANG,2021,870,127,694
3528,KABUPATEN PAMEKASAN,2021,714,226,949
3529,KABUPATEN SUMENEP,2021,1191,137,1030
3571,KOTA KEDIRI,2021,538,400,1255
3572,KOTA BLITAR,2021,200,171,606
3573,KOTA MALANG,2021,873,2053,3265
3574,KOTA PROBOLINGGO,2021,304,194,512
3575,KOTA PASURUAN,2021,262,161,476
3576,KOTA MOJOKERTO,2021,217,171,572
3577,KOTA MADIUN,2021,339,244,1118
3578,KOTA SURABAYA,2021,1950,5299,9444
3579,KOTA BATU,2021,154,180,441
3501,KABUPATEN PACITAN,2022,434,93,756
3502,KABUPATEN PONOROGO,2022,828,258,1548
3503,KABUPATEN TRENGGALEK,2022,462,124,1026
3504,KABUPATEN TULUNGAGUNG,2022,1029,279,2186
3505,KABUPATEN BLITAR,2022,728,214,1098
3506,KABUPATEN KEDIRI,2022,990,322,1651
3507,KABUPATEN MALANG,2022,1382,608,3664
3508,KABUPATEN LUMAJANG,2022,799,204,1538
3509,KABUPATEN JEMBER,2022,1637,436,2973
3510,KABUPATEN BANYUWANGI,2022,1161,342,1958
3511,KABUPATEN BONDOWOSO,2022,717,100,1223
3512,KABUPATEN SITUBONDO,2022,752,103,1052
3513,KABUPATEN PROBOLINGGO,2022,809,126,1259
3514,KABUPATEN PASURUAN,2022,1094,251,1756
3515,KABUPATEN SIDOARJO,2022,1453,776,3857
3516,KABUPATEN MOJOKERTO,2022,804,293,1683
3517,KABUPATEN JOMBANG,2022,1297,279,1911
3518,KABUPATEN NGANJUK,2022,809,206,1288
3519,KABUPATEN MADIUN,2022,538,120,859
3520,KABUPATEN MAGETAN,2022,578,129,932
3521,KABUPATEN NGAWI,2022,740,184,1353
3522,KABUPATEN BOJONEGORO,2022,1059,240,1577
3523,KABUPATEN TUBAN,2022,767,206,1168
3524,KABUPATEN LAMONGAN,2022,1240,363,2441
3525,KABUPATEN GRESIK,2022,1265,489,2350
3526,KABUPATEN BANGKALAN,2022,1161,123,1233
3527,KABUPATEN SAMPANG,2022,862,98,1097
3528,KABUPATEN PAMEKASAN,2022,793,146,1339
3529,KABUPATEN SUMENEP,2022,1288,118,1531
3571,KOTA KEDIRI,2022,547,252,1661
3572,KOTA BLITAR,2022,171,109,802
3573,KOTA MALANG,2022,892,1332,3835
3574,KOTA PROBOLINGGO,2022,259,122,551
3575,KOTA PASURUAN,2022,237,96,485
3576,KOTA MOJOKERTO,2022,230,172,949
3577,KOTA MADIUN,2022,338,169,1337
3578,KOTA SURABAYA,2022,2068,4185,11668
3579,KOTA BATU,2022,152,154,548
3501,KABUPATEN PACITAN,2023,412,0,738
3502,KABUPATEN PONOROGO,2023,759,0,1629
3503,KABUPATEN TRENGGALEK,2023,491,0,1032
3504,KABUPATEN TULUNGAGUNG,2023,1038,0,2259
3505,KABUPATEN BLITAR,2023,731,0,1186
3506,KABUPATEN KEDIRI,2023,926,0,1632
3507,KABUPATEN MALANG,2023,1369,0,3698
3508,KABUPATEN LUMAJANG,2023,796,0,1600
3509,KABUPATEN JEMBER,2023,1629,0,2996
3510,KABUPATEN BANYUWANGI,2023,1139,0,2010
3511,KABUPATEN BONDOWOSO,2023,709,0,1259
3512,KABUPATEN SITUBONDO,2023,733,0,1054
3513,KABUPATEN PROBOLINGGO,2023,788,0,1276
3514,KABUPATEN PASURUAN,2023,1076,0,1794
3515,KABUPATEN SIDOARJO,2023,1444,0,4111
3516,KABUPATEN MOJOKERTO,2023,786,0,1737
3517,KABUPATEN JOMBANG,2023,1277,0,1954
3518,KABUPATEN NGANJUK,2023,759,0,1307
3519,KABUPATEN MADIUN,2023,531,0,889
3520,KABUPATEN MAGETAN,2023,591,0,973
3521,KABUPATEN NGAWI,2023,714,0,1314
3522,KABUPATEN BOJONEGORO,2023,1243,0,1699
3523,KABUPATEN TUBAN,2023,756,0,1249
3524,KABUPATEN LAMONGAN,2023,1226,0,2452
3525,KABUPATEN GRESIK,2023,1236,0,2300
3526,KABUPATEN BANGKALAN,2023,1129,0,1244
3527,KABUPATEN SAMPANG,2023,865,0,1139
3528,KABUPATEN PAMEKASAN,2023,802,0,1351
3529,KABUPATEN SUMENEP,2023,1260,0,1575
3571,KOTA KEDIRI,2023,536,0,1689
3572,KOTA BLITAR,2023,180,0,818
3573,KOTA MALANG,2023,862,0,3761
3574,KOTA PROBOLINGGO,2023,277,0,559
3575,KOTA PASURUAN,2023,264,0,526
3576,KOTA MOJOKERTO,2023,237,0,970
3577,KOTA MADIUN,2023,339,0,1284
3578,KOTA SURABAYA,2023,1891,0,10883
3579,KOTA BATU,2023,146,0,563
3501,KABUPATEN PACITAN,2024,3,0,185
3502,KABUPATEN PONOROGO,2024,4,0,445
3503,KABUPATEN TRENGGALEK,2024,0,0,233
3504,KABUPATEN TULUNGAGUNG,2024,2,0,589
3505,KABUPATEN BLITAR,2024,6,0,455
3506,KABUPATEN KEDIRI,2024,3,0,753
3507,KABUPATEN MALANG,2024,17,0,1671
3508,KABUPATEN LUMAJANG,2024,2,0,435
3509,KABUPATEN JEMBER,2024,6,0,921
3510,KABUPATEN BANYUWANGI,2024,5,0,705
3511,KABUPATEN BONDOWOSO,2024,1,0,235
3512,KABUPATEN SITUBONDO,2024,1,0,245
3513,KABUPATEN PROBOLINGGO,2024,0,0,291
3514,KABUPATEN PASURUAN,2024,2,0,673
3515,KABUPATEN SIDOARJO,2024,6,0,2203
3516,KABUPATEN MOJOKERTO,2024,1,0,753
3517,KABUPATEN JOMBANG,2024,3,0,644
3518,KABUPATEN NGANJUK,2024,3,0,359
3519,KABUPATEN MADIUN,2024,0,0,265
3520,KABUPATEN MAGETAN,2024,0,0,262
3521,KABUPATEN NGAWI,2024,2,0,440
3522,KABUPATEN BOJONEGORO,2024,2,0,491
3523,KABUPATEN TUBAN,2024,2,0,452
3524,KABUPATEN LAMONGAN,2024,1,0,729
3525,KABUPATEN GRESIK,2024,4,0,1129
3526,KABUPATEN BANGKALAN,2024,5,0,288
3527,KABUPATEN SAMPANG,2024,1,0,216
3528,KABUPATEN PAMEKASAN,2024,0,0,288
3529,KABUPATEN SUMENEP,2024,1,0,309
3571,KOTA KEDIRI,2024,9,0,733
3572,KOTA BLITAR,2024,2,0,302
3573,KOTA MALANG,2024,13,0,2039
3574,KOTA PROBOLINGGO,2024,1,0,278
3575,KOTA PASURUAN,2024,1,0,261
3576,KOTA MOJOKERTO,2024,4,0,396
3577,KOTA MADIUN,2024,5,0,521
3578,KOTA SURABAYA,2024,69,0,7446
3579,KOTA BATU,2024,4,0,303
