,kode_kabupaten_kota,nama_kabupaten_kota,tahun,JUMLAH_PENDUDUK
0,3501,KABUPATEN PACITAN,2018,592938
1,3502,KABUPATEN PONOROGO,2018,962125
2,3503,KABUPATEN TRENGGALEK,2018,748432
3,3504,KABUPATEN TULUNGAGUNG,2018,1109547
4,3505,KABUPATEN BLITAR,2018,1230159
5,3506,KABUPATEN KEDIRI,2018,1647835
6,3507,KABUPATEN MALANG,2018,2492110
7,3508,KABUPATEN LUMAJANG,2018,1124756
8,3509,KABUPATEN JEMBER,2018,2556614
9,3510,KABUPATEN BANYUWANGI,2018,1733027
10,3511,KABUPATEN BONDOWOSO,2018,793271
11,3512,KABUPATEN SITUBONDO,2018,686918
12,3513,KABUPATEN PROBOLINGGO,2018,1124989
13,3514,KABUPATEN PASURUAN,2018,1584929
14,3515,KABUPATEN SIDOARJO,2018,1882435
15,3516,KABUPATEN MOJOKERTO,2018,1120249
16,3517,KABUPATEN JOMBANG,2018,1325122
17,3518,KABUPATEN NGANJUK,2018,1112142
18,3519,KABUPATEN MADIUN,2018,740816
19,3520,KABUPATEN MAGETAN,2018,691939
20,3521,KABUPATEN NGAWI,2018,906929
21,3522,KABUPATEN BOJONEGORO,2018,1325739
22,3523,KABUPATEN TUBAN,2018,1198732
23,3524,KABUPATEN LAMONGAN,2018,1361312
24,3525,KABUPATEN GRESIK,2018,1265268
25,3526,KABUPATEN BANGKALAN,2018,1066890
26,3527,KABUPATEN SAMPANG,2018,854470
27,3528,KABUPATEN PAMEKASAN,2018,820939
28,3529,KABUPATEN SUMENEP,2018,1130529
29,3571,KOTA KEDIRI,2018,292009
30,3572,KOTA BLITAR,2018,156733
31,3573,KOTA MALANG,2018,847378
32,3574,KOTA PROBOLINGGO,2018,238250
33,3575,KOTA PASURUAN,2018,209139
34,3576,KOTA MOJOKERTO,2018,143826
35,3577,KOTA MADIUN,2018,205541
36,3578,KOTA SURABAYA,2018,2915910
37,3579,KOTA BATU,2018,209933
38,3501,KABUPATEN PACITAN,2019,596546
39,3502,KABUPATEN PONOROGO,2019,971193
40,3503,KABUPATEN TRENGGALEK,2019,750251
41,3504,KABUPATEN TULUNGAGUNG,2019,1118814
42,3505,KABUPATEN BLITAR,2019,1246653
43,3506,KABUPATEN KEDIRI,2019,1662508
44,3507,KABUPATEN MALANG,2019,2549807
45,3508,KABUPATEN LUMAJANG,2019,1128777
46,3509,KABUPATEN JEMBER,2019,2568884
47,3510,KABUPATEN BANYUWANGI,2019,1747663
48,3511,KABUPATEN BONDOWOSO,2019,797592
49,3512,KABUPATEN SITUBONDO,2019,691622
50,3513,KABUPATEN PROBOLINGGO,2019,1138332
51,3514,KABUPATEN PASURUAN,2019,1592078
52,3515,KABUPATEN SIDOARJO,2019,1926588
53,3516,KABUPATEN MOJOKERTO,2019,1138429
54,3517,KABUPATEN JOMBANG,2019,1343212
55,3518,KABUPATEN NGANJUK,2019,1123463
56,3519,KABUPATEN MADIUN,2019,749066
57,3520,KABUPATEN MAGETAN,2019,699078
58,3521,KABUPATEN NGAWI,2019,913553
59,3522,KABUPATEN BOJONEGORO,2019,1335840
60,3523,KABUPATEN TUBAN,2019,1211453
61,3524,KABUPATEN LAMONGAN,2019,1373390
62,3525,KABUPATEN GRESIK,2019,1275063
63,3526,KABUPATEN BANGKALAN,2019,1076333
64,3527,KABUPATEN SAMPANG,2019,860649
65,3528,KABUPATEN PAMEKASAN,2019,827005
66,3529,KABUPATEN SUMENEP,2019,1134129
67,3571,KOTA KEDIRI,2019,294950
68,3572,KOTA BLITAR,2019,157880
69,3573,KOTA MALANG,2019,860452
70,3574,KOTA PROBOLINGGO,2019,240589
71,3575,KOTA PASURUAN,2019,211008
72,3576,KOTA MOJOKERTO,2019,138943
73,3577,KOTA MADIUN,2019,206831
74,3578,KOTA SURABAYA,2019,2950230
75,3579,KOTA BATU,2019,212296
76,3501,KABUPATEN PACITAN,2020,597473
77,3502,KABUPATEN PONOROGO,2020,977783
78,3503,KABUPATEN TRENGGALEK,2020,753820
79,3504,KABUPATEN TULUNGAGUNG,2020,1126543
80,3505,KABUPATEN BLITAR,2020,1249190
81,3506,KABUPATEN KEDIRI,2020,1673569
82,3507,KABUPATEN MALANG,2020,2585426
83,3508,KABUPATEN LUMAJANG,2020,1117636
84,3509,KABUPATEN JEMBER,2020,2578949
85,3510,KABUPATEN BANYUWANGI,2020,1754719
86,3511,KABUPATEN BONDOWOSO,2020,801425
87,3512,KABUPATEN SITUBONDO,2020,694225
88,3513,KABUPATEN PROBOLINGGO,2020,1146131
89,3514,KABUPATEN PASURUAN,2020,1603550
90,3515,KABUPATEN SIDOARJO,2020,1940056
91,3516,KABUPATEN MOJOKERTO,2020,1146187
92,3517,KABUPATEN JOMBANG,2020,1350105
93,3518,KABUPATEN NGANJUK,2020,1128924
94,3519,KABUPATEN MADIUN,2020,754165
95,3520,KABUPATEN MAGETAN,2020,689210
96,3521,KABUPATEN NGAWI,2020,916022
97,3522,KABUPATEN BOJONEGORO,2020,1343659
98,3523,KABUPATEN TUBAN,2020,1219609
99,3524,KABUPATEN LAMONGAN,2020,1379628
100,3525,KABUPATEN GRESIK,2020,1283826
101,3526,KABUPATEN BANGKALAN,2020,1082656
102,3527,KABUPATEN SAMPANG,2020,882242
103,3528,KABUPATEN PAMEKASAN,2020,832262
104,3529,KABUPATEN SUMENEP,2020,1138168
105,3571,KOTA KEDIRI,2020,292262
106,3572,KOTA BLITAR,2020,158313
107,3573,KOTA MALANG,2020,866252
108,3574,KOTA PROBOLINGGO,2020,242097
109,3575,KOTA PASURUAN,2020,210247
110,3576,KOTA MOJOKERTO,2020,139774
111,3577,KOTA MADIUN,2020,203767
112,3578,KOTA SURABAYA,2020,2970730
113,3579,KOTA BATU,2020,213806
114,3501,KABUPATEN PACITAN,2021,597998
115,3502,KABUPATEN PONOROGO,2021,969456
116,3503,KABUPATEN TRENGGALEK,2021,747195
117,3504,KABUPATEN TULUNGAGUNG,2021,1127017
118,3505,KABUPATEN BLITAR,2021,1229275
119,3506,KABUPATEN KEDIRI,2021,1673158
120,3507,KABUPATEN MALANG,2021,2635950
121,3508,KABUPATEN LUMAJANG,2021,1092729
122,3509,KABUPATEN JEMBER,2021,2582673
123,3510,KABUPATEN BANYUWANGI,2021,1750778
124,3511,KABUPATEN BONDOWOSO,2021,802102
125,3512,KABUPATEN SITUBONDO,2021,666619
126,3513,KABUPATEN PROBOLINGGO,2021,1157408
127,3514,KABUPATEN PASURUAN,2021,1605037
128,3515,KABUPATEN SIDOARJO,2021,1952565
129,3516,KABUPATEN MOJOKERTO,2021,1127648
130,3517,KABUPATEN JOMBANG,2021,1351420
131,3518,KABUPATEN NGANJUK,2021,1133909
132,3519,KABUPATEN MADIUN,2021,754456
133,3520,KABUPATEN MAGETAN,2021,689541
134,3521,KABUPATEN NGAWI,2021,896963
135,3522,KABUPATEN BOJONEGORO,2021,1342434
136,3523,KABUPATEN TUBAN,2021,1223418
137,3524,KABUPATEN LAMONGAN,2021,1380145
138,3525,KABUPATEN GRESIK,2021,1284158
139,3526,KABUPATEN BANGKALAN,2021,1083192
140,3527,KABUPATEN SAMPANG,2021,927632
141,3528,KABUPATEN PAMEKASAN,2021,845110
142,3529,KABUPATEN SUMENEP,2021,1134810
143,3571,KOTA KEDIRI,2021,292597
144,3572,KOTA BLITAR,2021,158244
145,3573,KOTA MALANG,2021,866477
146,3574,KOTA PROBOLINGGO,2021,242419
147,3575,KOTA PASURUAN,2021,210598
148,3576,KOTA MOJOKERTO,2021,140165
149,3577,KOTA MADIUN,2021,201452
150,3578,KOTA SURABAYA,2021,2970952
151,3579,KOTA BATU,2021,215394
152,3501,KABUPATEN PACITAN,2022,599182
153,3502,KABUPATEN PONOROGO,2022,970493
154,3503,KABUPATEN TRENGGALEK,2022,751079
155,3504,KABUPATEN TULUNGAGUNG,2022,1128087
156,3505,KABUPATEN BLITAR,2022,1239565
157,3506,KABUPATEN KEDIRI,2022,1674818
158,3507,KABUPATEN MALANG,2022,2681530
159,3508,KABUPATEN LUMAJANG,2022,1097504
160,3509,KABUPATEN JEMBER,2022,2585275
161,3510,KABUPATEN BANYUWANGI,2022,1762181
162,3511,KABUPATEN BONDOWOSO,2022,802864
163,3512,KABUPATEN SITUBONDO,2022,673102
164,3513,KABUPATEN PROBOLINGGO,2022,1167509
165,3514,KABUPATEN PASURUAN,2022,1616190
166,3515,KABUPATEN SIDOARJO,2022,1975036
167,3516,KABUPATEN MOJOKERTO,2022,1134913
168,3517,KABUPATEN JOMBANG,2022,1359332
169,3518,KABUPATEN NGANJUK,2022,1135075
170,3519,KABUPATEN MADIUN,2022,755733
171,3520,KABUPATEN MAGETAN,2022,690245
172,3521,KABUPATEN NGAWI,2022,898330
173,3522,KABUPATEN BOJONEGORO,2022,1350650
174,3523,KABUPATEN TUBAN,2022,1244636
175,3524,KABUPATEN LAMONGAN,2022,1381414
176,3525,KABUPATEN GRESIK,2022,1291518
177,3526,KABUPATEN BANGKALAN,2022,1039288
178,3527,KABUPATEN SAMPANG,2022,972961
179,3528,KABUPATEN PAMEKASAN,2022,869711
180,3529,KABUPATEN SUMENEP,2022,1135903
181,3571,KOTA KEDIRI,2022,294692
182,3572,KOTA BLITAR,2022,158558
183,3573,KOTA MALANG,2022,871123
184,3574,KOTA PROBOLINGGO,2022,243088
185,3575,KOTA PASURUAN,2022,211372
186,3576,KOTA MOJOKERTO,2022,140730
187,3577,KOTA MADIUN,2022,201760
188,3578,KOTA SURABAYA,2022,2987863
189,3579,KOTA BATU,2022,217871
190,3501,KABUPATEN PACITAN,2023,597390
191,3502,KABUPATEN PONOROGO,2023,975858
192,3503,KABUPATEN TRENGGALEK,2023,756109
193,3504,KABUPATEN TULUNGAGUNG,2023,1134703
194,3505,KABUPATEN BLITAR,2023,1252242
195,3506,KABUPATEN KEDIRI,2023,1684454
196,3507,KABUPATEN MALANG,2023,2711102
197,3508,KABUPATEN LUMAJANG,2023,1108487
198,3509,KABUPATEN JEMBER,2023,2600663
199,3510,KABUPATEN BANYUWANGI,2023,1780015
200,3511,KABUPATEN BONDOWOSO,2023,796911
201,3512,KABUPATEN SITUBONDO,2023,684343
202,3513,KABUPATEN PROBOLINGGO,2023,1180367
203,3514,KABUPATEN PASURUAN,2023,1634022
204,3515,KABUPATEN SIDOARJO,2023,1996825
205,3516,KABUPATEN MOJOKERTO,2023,1147435
206,3517,KABUPATEN JOMBANG,2023,1370510
207,3518,KABUPATEN NGANJUK,2023,1144508
208,3519,KABUPATEN MADIUN,2023,747589
209,3520,KABUPATEN MAGETAN,2023,692553
210,3521,KABUPATEN NGAWI,2023,904094
211,3522,KABUPATEN BOJONEGORO,2023,1363058
212,3523,KABUPATEN TUBAN,2023,1258368
213,3524,KABUPATEN LAMONGAN,2023,1385835
214,3525,KABUPATEN GRESIK,2023,1304203
215,3526,KABUPATEN BANGKALAN,2023,1047306
216,3527,KABUPATEN SAMPANG,2023,988360
217,3528,KABUPATEN PAMEKASAN,2023,882837
218,3529,KABUPATEN SUMENEP,2023,1142210
219,3571,KOTA KEDIRI,2023,298820
220,3572,KOTA BLITAR,2023,159781
221,3573,KOTA MALANG,2023,880787
222,3574,KOTA PROBOLINGGO,2023,244559
223,3575,KOTA PASURUAN,2023,212466
224,3576,KOTA MOJOKERTO,2023,141785
225,3577,KOTA MADIUN,2023,202544
226,3578,KOTA SURABAYA,2023,3009286
227,3579,KOTA BATU,2023,221714
228,3501,KABUPATEN PACITAN,2024,588718
229,3502,KABUPATEN PONOROGO,2024,979008
230,3503,KABUPATEN TRENGGALEK,2024,753810
231,3504,KABUPATEN TULUNGAGUNG,2024,1139224
232,3505,KABUPATEN BLITAR,2024,1261699
233,3506,KABUPATEN KEDIRI,2024,1691976
234,3507,KABUPATEN MALANG,2024,2734623
235,3508,KABUPATEN LUMAJANG,2024,1116231
236,3509,KABUPATEN JEMBER,2024,2615874
237,3510,KABUPATEN BANYUWANGI,2024,1791789
238,3511,KABUPATEN BONDOWOSO,2024,788007
239,3512,KABUPATEN SITUBONDO,2024,691635
240,3513,KABUPATEN PROBOLINGGO,2024,1200931
241,3514,KABUPATEN PASURUAN,2024,1665922
242,3515,KABUPATEN SIDOARJO,2024,2027874
243,3516,KABUPATEN MOJOKERTO,2024,1156144
244,3517,KABUPATEN JOMBANG,2024,1378005
245,3518,KABUPATEN NGANJUK,2024,1152575
246,3519,KABUPATEN MADIUN,2024,737875
247,3520,KABUPATEN MAGETAN,2024,692800
248,3521,KABUPATEN NGAWI,2024,907002
249,3522,KABUPATEN BOJONEGORO,2024,1366227
250,3523,KABUPATEN TUBAN,2024,1266396
251,3524,KABUPATEN LAMONGAN,2024,1367503
252,3525,KABUPATEN GRESIK,2024,1327497
253,3526,KABUPATEN BANGKALAN,2024,1042031
254,3527,KABUPATEN SAMPANG,2024,1033926
255,3528,KABUPATEN PAMEKASAN,2024,904965
256,3529,KABUPATEN SUMENEP,2024,1143002
257,3571,KOTA KEDIRI,2024,301424
258,3572,KOTA BLITAR,2024,161204
259,3573,KOTA MALANG,2024,889359
260,3574,KOTA PROBOLINGGO,2024,243746
261,3575,KOTA PASURUAN,2024,213469
262,3576,KOTA MOJOKERTO,2024,142272
263,3577,KOTA MADIUN,2024,201733
264,3578,KOTA SURABAYA,2024,3018022
265,3579,KOTA BATU,2024,225408
