kode_provinsi,nama_provinsi,kode_kabupaten_kota,nama_kabupaten_kota,tahun,JUMLAH_BIDAN,JUMLAH_DOKTER,JUMLAH_PERAWAT
35,JAWA TIMUR,3501,KABUPATEN PACITAN,2018,347,141,619
35,JAWA TIMUR,3502,KABUPATEN PONOROGO,2018,519,129,990
35,JAWA TIMUR,3503,KABUPATEN TRENGGALEK,2018,384,227,792
35,JAWA TIMUR,3504,KABUPATEN TULUNGAGUNG,2018,609,263,1098
35,JAWA TIMUR,3505,KABUPATEN BLITAR,2018,540,233,837
35,JAWA TIMUR,3506,KABUPATEN KEDIRI,2018,709,380,981
35,JAWA TIMUR,3507,KABUPATEN MALANG,2018,573,169,1291
35,JAWA TIMUR,3508,KABUPATEN LUMAJANG,2018,416,105,990
35,JAWA TIMUR,3509,KABUPATEN JEMBER,2018,1060,150,2010
35,JAWA TIMUR,3510,KABUPATEN BANYUWANGI,2018,953,207,1342
35,JAWA TIMUR,3511,KABUPATEN BONDOWOSO,2018,714,144,943
35,JAWA TIMUR,3512,KABUPATEN SITUBONDO,2018,333,87,539
35,JAWA TIMUR,3513,KABUPATEN PROBOLINGGO,2018,817,82,1053
35,JAWA TIMUR,3514,KABUPATEN PASURUAN,2018,671,122,837
35,JAWA TIMUR,3515,KABUPATEN SIDOARJO,2018,1029,937,3164
35,JAWA TIMUR,3516,KABUPATEN MOJOKERTO,2018,636,136,1176
35,JAWA TIMUR,3517,KABUPATEN JOMBANG,2018,1281,247,1633
35,JAWA TIMUR,3518,KABUPATEN NGANJUK,2018,665,248,874
35,JAWA TIMUR,3519,KABUPATEN MADIUN,2018,371,94,706
35,JAWA TIMUR,3520,KABUPATEN MAGETAN,2018,542,212,873
35,JAWA TIMUR,3521,KABUPATEN NGAWI,2018,667,213,1072
35,JAWA TIMUR,3522,KABUPATEN BOJONEGORO,2018,897,200,1107
35,JAWA TIMUR,3523,KABUPATEN TUBAN,2018,487,203,961
35,JAWA TIMUR,3524,KABUPATEN LAMONGAN,2018,990,200,1969
35,JAWA TIMUR,3525,KABUPATEN GRESIK,2018,782,208,1224
35,JAWA TIMUR,3526,KABUPATEN BANGKALAN,2018,899,130,895
35,JAWA TIMUR,3527,KABUPATEN SAMPANG,2018,559,95,858
35,JAWA TIMUR,3528,KABUPATEN PAMEKASAN,2018,670,109,1035
35,JAWA TIMUR,3529,KABUPATEN SUMENEP,2018,672,75,1060
35,JAWA TIMUR,3571,KOTA KEDIRI,2018,369,160,1231
35,JAWA TIMUR,3572,KOTA BLITAR,2018,155,127,553
35,JAWA TIMUR,3573,KOTA MALANG,2018,686,679,2929
35,JAWA TIMUR,3574,KOTA PROBOLINGGO,2018,162,159,654
35,JAWA TIMUR,3575,KOTA PASURUAN,2018,202,103,439
35,JAWA TIMUR,3576,KOTA MOJOKERTO,2018,105,70,290
35,JAWA TIMUR,3577,KOTA MADIUN,2018,263,291,1051
35,JAWA TIMUR,3578,KOTA SURABAYA,2018,1264,786,6872
35,JAWA TIMUR,3579,KOTA BATU,2018,87,95,309
35,JAWA TIMUR,3501,KABUPATEN PACITAN,2019,346,99,624
35,JAWA TIMUR,3502,KABUPATEN PONOROGO,2019,565,108,1218
35,JAWA TIMUR,3503,KABUPATEN TRENGGALEK,2019,395,145,917
35,JAWA TIMUR,3504,KABUPATEN TULUNGAGUNG,2019,635,232,1658
35,JAWA TIMUR,3505,KABUPATEN BLITAR,2019,427,174,870
35,JAWA TIMUR,3506,KABUPATEN KEDIRI,2019,677,195,1051
35,JAWA TIMUR,3507,KABUPATEN MALANG,2019,951,344,2661
35,JAWA TIMUR,3508,KABUPATEN LUMAJANG,2019,541,121,1172
35,JAWA TIMUR,3509,KABUPATEN JEMBER,2019,1065,179,2039
35,JAWA TIMUR,3510,KABUPATEN BANYUWANGI,2019,912,308,1693
35,JAWA TIMUR,3511,KABUPATEN BONDOWOSO,2019,603,301,1060
35,JAWA TIMUR,3512,KABUPATEN SITUBONDO,2019,330,102,547
35,JAWA TIMUR,3513,KABUPATEN PROBOLINGGO,2019,675,102,964
35,JAWA TIMUR,3514,KABUPATEN PASURUAN,2019,708,165,1035
35,JAWA TIMUR,3515,KABUPATEN SIDOARJO,2019,1021,459,2856
35,JAWA TIMUR,3516,KABUPATEN MOJOKERTO,2019,606,395,1558
35,JAWA TIMUR,3517,KABUPATEN JOMBANG,2019,1197,239,1662
35,JAWA TIMUR,3518,KABUPATEN NGANJUK,2019,729,199,1156
35,JAWA TIMUR,3519,KABUPATEN MADIUN,2019,404,91,764
35,JAWA TIMUR,3520,KABUPATEN MAGETAN,2019,548,88,712
35,JAWA TIMUR,3521,KABUPATEN NGAWI,2019,689,161,1114
35,JAWA TIMUR,3522,KABUPATEN BOJONEGORO,2019,1020,214,1210
35,JAWA TIMUR,3523,KABUPATEN TUBAN,2019,491,100,860
35,JAWA TIMUR,3524,KABUPATEN LAMONGAN,2019,931,191,1714
35,JAWA TIMUR,3525,KABUPATEN GRESIK,2019,801,210,1146
35,JAWA TIMUR,3526,KABUPATEN BANGKALAN,2019,1095,126,1029
35,JAWA TIMUR,3527,KABUPATEN SAMPANG,2019,624,87,913
35,JAWA TIMUR,3528,KABUPATEN PAMEKASAN,2019,692,124,1131
35,JAWA TIMUR,3529,KABUPATEN SUMENEP,2019,1027,185,1244
35,JAWA TIMUR,3571,KOTA KEDIRI,2019,390,173,1285
35,JAWA TIMUR,3572,KOTA BLITAR,2019,159,104,601
35,JAWA TIMUR,3573,KOTA MALANG,2019,727,725,3043
35,JAWA TIMUR,3574,KOTA PROBOLINGGO,2019,187,137,561
35,JAWA TIMUR,3575,KOTA PASURUAN,2019,234,90,478
35,JAWA TIMUR,3576,KOTA MOJOKERTO,2019,107,68,293
35,JAWA TIMUR,3577,KOTA MADIUN,2019,264,152,1066
35,JAWA TIMUR,3578,KOTA SURABAYA,2019,1421,896,6999
35,JAWA TIMUR,3579,KOTA BATU,2019,110,98,411
35,JAWA TIMUR,3501,KABUPATEN PACITAN,2020,374,89,629
35,JAWA TIMUR,3502,KABUPATEN PONOROGO,2020,609,147,1370
35,JAWA TIMUR,3503,KABUPATEN TRENGGALEK,2020,398,98,894
35,JAWA TIMUR,3504,KABUPATEN TULUNGAGUNG,2020,609,231,1463
35,JAWA TIMUR,3505,KABUPATEN BLITAR,2020,561,184,848
35,JAWA TIMUR,3506,KABUPATEN KEDIRI,2020,828,256,1315
35,JAWA TIMUR,3507,KABUPATEN MALANG,2020,862,345,2735
35,JAWA TIMUR,3508,KABUPATEN LUMAJANG,2020,590,141,1343
35,JAWA TIMUR,3509,KABUPATEN JEMBER,2020,1082,282,2305
35,JAWA TIMUR,3510,KABUPATEN BANYUWANGI,2020,1093,316,1759
35,JAWA TIMUR,3511,KABUPATEN BONDOWOSO,2020,621,88,1071
35,JAWA TIMUR,3512,KABUPATEN SITUBONDO,2020,668,96,908
35,JAWA TIMUR,3513,KABUPATEN PROBOLINGGO,2020,717,110,999
35,JAWA TIMUR,3514,KABUPATEN PASURUAN,2020,750,184,1217
35,JAWA TIMUR,3515,KABUPATEN SIDOARJO,2020,987,589,3028
35,JAWA TIMUR,3516,KABUPATEN MOJOKERTO,2020,654,192,1369
35,JAWA TIMUR,3517,KABUPATEN JOMBANG,2020,1150,248,1744
35,JAWA TIMUR,3518,KABUPATEN NGANJUK,2020,774,202,1194
35,JAWA TIMUR,3519,KABUPATEN MADIUN,2020,425,104,776
35,JAWA TIMUR,3520,KABUPATEN MAGETAN,2020,530,95,686
35,JAWA TIMUR,3521,KABUPATEN NGAWI,2020,637,181,1156
35,JAWA TIMUR,3522,KABUPATEN BOJONEGORO,2020,997,221,1348
35,JAWA TIMUR,3523,KABUPATEN TUBAN,2020,491,143,923
35,JAWA TIMUR,3524,KABUPATEN LAMONGAN,2020,970,219,1863
35,JAWA TIMUR,3525,KABUPATEN GRESIK,2020,900,297,1700
35,JAWA TIMUR,3526,KABUPATEN BANGKALAN,2020,993,110,1007
35,JAWA TIMUR,3527,KABUPATEN SAMPANG,2020,477,79,468
35,JAWA TIMUR,3528,KABUPATEN PAMEKASAN,2020,665,133,1145
35,JAWA TIMUR,3529,KABUPATEN SUMENEP,2020,969,88,1112
35,JAWA TIMUR,3571,KOTA KEDIRI,2020,445,195,1427
35,JAWA TIMUR,3572,KOTA BLITAR,2020,156,125,683
35,JAWA TIMUR,3573,KOTA MALANG,2020,778,438,3316
35,JAWA TIMUR,3574,KOTA PROBOLINGGO,2020,195,131,562
35,JAWA TIMUR,3575,KOTA PASURUAN,2020,224,96,476
35,JAWA TIMUR,3576,KOTA MOJOKERTO,2020,174,111,776
35,JAWA TIMUR,3577,KOTA MADIUN,2020,277,155,1101
35,JAWA TIMUR,3578,KOTA SURABAYA,2020,1512,1084,8814
35,JAWA TIMUR,3579,KOTA BATU,2020,111,104,454
35,JAWA TIMUR,3501,KABUPATEN PACITAN,2021,411,136,593
35,JAWA TIMUR,3502,KABUPATEN PONOROGO,2021,755,300,1457
35,JAWA TIMUR,3503,KABUPATEN TRENGGALEK,2021,460,148,886
35,JAWA TIMUR,3504,KABUPATEN TULUNGAGUNG,2021,1051,402,1820
35,JAWA TIMUR,3505,KABUPATEN BLITAR,2021,686,294,775
35,JAWA TIMUR,3506,KABUPATEN KEDIRI,2021,987,421,1381
35,JAWA TIMUR,3507,KABUPATEN MALANG,2021,1316,652,2791
35,JAWA TIMUR,3508,KABUPATEN LUMAJANG,2021,859,346,1412
35,JAWA TIMUR,3509,KABUPATEN JEMBER,2021,1625,654,2130
35,JAWA TIMUR,3510,KABUPATEN BANYUWANGI,2021,1218,604,1525
35,JAWA TIMUR,3511,KABUPATEN BONDOWOSO,2021,707,134,830
35,JAWA TIMUR,3512,KABUPATEN SITUBONDO,2021,770,155,725
35,JAWA TIMUR,3513,KABUPATEN PROBOLINGGO,2021,959,189,997
35,JAWA TIMUR,3514,KABUPATEN PASURUAN,2021,1121,348,1735
35,JAWA TIMUR,3515,KABUPATEN SIDOARJO,2021,1363,1010,2893
35,JAWA TIMUR,3516,KABUPATEN MOJOKERTO,2021,747,302,1270
35,JAWA TIMUR,3517,KABUPATEN JOMBANG,2021,1340,423,1583
35,JAWA TIMUR,3518,KABUPATEN NGANJUK,2021,836,245,1035
35,JAWA TIMUR,3519,KABUPATEN MADIUN,2021,510,136,695
35,JAWA TIMUR,3520,KABUPATEN MAGETAN,2021,655,216,985
35,JAWA TIMUR,3521,KABUPATEN NGAWI,2021,695,275,1199
35,JAWA TIMUR,3522,KABUPATEN BOJONEGORO,2021,1123,412,1125
35,JAWA TIMUR,3523,KABUPATEN TUBAN,2021,794,311,839
35,JAWA TIMUR,3524,KABUPATEN LAMONGAN,2021,1241,533,1806
35,JAWA TIMUR,3525,KABUPATEN GRESIK,2021,1199,705,1865
35,JAWA TIMUR,3526,KABUPATEN BANGKALAN,2021,1072,205,636
35,JAWA TIMUR,3527,KABUPATEN SAMPANG,2021,870,127,694
35,JAWA TIMUR,3528,KABUPATEN PAMEKASAN,2021,714,226,949
35,JAWA TIMUR,3529,KABUPATEN SUMENEP,2021,1191,137,1030
35,JAWA TIMUR,3571,KOTA KEDIRI,2021,538,400,1255
35,JAWA TIMUR,3572,KOTA BLITAR,2021,200,171,606
35,JAWA TIMUR,3573,KOTA MALANG,2021,873,2053,3265
35,JAWA TIMUR,3574,KOTA PROBOLINGGO,2021,304,194,512
35,JAWA TIMUR,3575,KOTA PASURUAN,2021,262,161,476
35,JAWA TIMUR,3576,KOTA MOJOKERTO,2021,217,171,572
35,JAWA TIMUR,3577,KOTA MADIUN,2021,339,244,1118
35,JAWA TIMUR,3578,KOTA SURABAYA,2021,1950,5299,9444
35,JAWA TIMUR,3579,KOTA BATU,2021,154,180,441
35,JAWA TIMUR,3501,KABUPATEN PACITAN,2022,434,93,756
35,JAWA TIMUR,3502,KABUPATEN PONOROGO,2022,828,258,1548
35,JAWA TIMUR,3503,KABUPATEN TRENGGALEK,2022,462,124,1026
35,JAWA TIMUR,3504,KABUPATEN TULUNGAGUNG,2022,1029,279,2186
35,JAWA TIMUR,3505,KABUPATEN BLITAR,2022,728,214,1098
35,JAWA TIMUR,3506,KABUPATEN KEDIRI,2022,990,322,1651
35,JAWA TIMUR,3507,KABUPATEN MALANG,2022,1382,608,3664
35,JAWA TIMUR,3508,KABUPATEN LUMAJANG,2022,799,204,1538
35,JAWA TIMUR,3509,KABUPATEN JEMBER,2022,1637,436,2973
35,JAWA TIMUR,3510,KABUPATEN BANYUWANGI,2022,1161,342,1958
35,JAWA TIMUR,3511,KABUPATEN BONDOWOSO,2022,717,100,1223
35,JAWA TIMUR,3512,KABUPATEN SITUBONDO,2022,752,103,1052
35,JAWA TIMUR,3513,KABUPATEN PROBOLINGGO,2022,809,126,1259
35,JAWA TIMUR,3514,KABUPATEN PASURUAN,2022,1094,251,1756
35,JAWA TIMUR,3515,KABUPATEN SIDOARJO,2022,1453,776,3857
35,JAWA TIMUR,3516,KABUPATEN MOJOKERTO,2022,804,293,1683
35,JAWA TIMUR,3517,KABUPATEN JOMBANG,2022,1297,279,1911
35,JAWA TIMUR,3518,KABUPATEN NGANJUK,2022,809,206,1288
35,JAWA TIMUR,3519,KABUPATEN MADIUN,2022,538,120,859
35,JAWA TIMUR,3520,KABUPATEN MAGETAN,2022,578,129,932
35,JAWA TIMUR,3521,KABUPATEN NGAWI,2022,740,184,1353
35,JAWA TIMUR,3522,KABUPATEN BOJONEGORO,2022,1059,240,1577
35,JAWA TIMUR,3523,KABUPATEN TUBAN,2022,767,206,1168
35,JAWA TIMUR,3524,KABUPATEN LAMONGAN,2022,1240,363,2441
35,JAWA TIMUR,3525,KABUPATEN GRESIK,2022,1265,489,2350
35,JAWA TIMUR,3526,KABUPATEN BANGKALAN,2022,1161,123,1233
35,JAWA TIMUR,3527,KABUPATEN SAMPANG,2022,862,98,1097
35,JAWA TIMUR,3528,KABUPATEN PAMEKASAN,2022,793,146,1339
35,JAWA TIMUR,3529,KABUPATEN SUMENEP,2022,1288,118,1531
35,JAWA TIMUR,3571,KOTA KEDIRI,2022,547,252,1661
35,JAWA TIMUR,3572,KOTA BLITAR,2022,171,109,802
35,JAWA TIMUR,3573,KOTA MALANG,2022,892,1332,3835
35,JAWA TIMUR,3574,KOTA PROBOLINGGO,2022,259,122,551
35,JAWA TIMUR,3575,KOTA PASURUAN,2022,237,96,485
35,JAWA TIMUR,3576,KOTA MOJOKERTO,2022,230,172,949
35,JAWA TIMUR,3577,KOTA MADIUN,2022,338,169,1337
35,JAWA TIMUR,3578,KOTA SURABAYA,2022,2068,4185,11668
35,JAWA TIMUR,3579,KOTA BATU,2022,152,154,548
35,JAWA TIMUR,3501,KABUPATEN PACITAN,2023,170,143,745
35,JAWA TIMUR,3502,KABUPATEN PONOROGO,2023,537,333,1646
35,JAWA TIMUR,3503,KABUPATEN TRENGGALEK,2023,252,182,1045
35,JAWA TIMUR,3504,KABUPATEN TULUNGAGUNG,2023,682,474,2394
35,JAWA TIMUR,3505,KABUPATEN BLITAR,2023,558,371,1278
35,JAWA TIMUR,3506,KABUPATEN KEDIRI,2023,690,444,1660
35,JAWA TIMUR,3507,KABUPATEN MALANG,2023,1042,798,3724
35,JAWA TIMUR,3508,KABUPATEN LUMAJANG,2023,649,354,1792
35,JAWA TIMUR,3509,KABUPATEN JEMBER,2023,1032,598,3026
35,JAWA TIMUR,3510,KABUPATEN BANYUWANGI,2023,707,601,2032
35,JAWA TIMUR,3511,KABUPATEN BONDOWOSO,2023,283,183,1262
35,JAWA TIMUR,3512,KABUPATEN SITUBONDO,2023,462,170,1064
35,JAWA TIMUR,3513,KABUPATEN PROBOLINGGO,2023,486,175,1351
35,JAWA TIMUR,3514,KABUPATEN PASURUAN,2023,799,358,1828
35,JAWA TIMUR,3515,KABUPATEN SIDOARJO,2023,1574,1128,4151
35,JAWA TIMUR,3516,KABUPATEN MOJOKERTO,2023,611,470,1779
35,JAWA TIMUR,3517,KABUPATEN JOMBANG,2023,1007,414,1977
35,JAWA TIMUR,3518,KABUPATEN NGANJUK,2023,471,276,1310
35,JAWA TIMUR,3519,KABUPATEN MADIUN,2023,388,166,920
35,JAWA TIMUR,3520,KABUPATEN MAGETAN,2023,359,186,980
35,JAWA TIMUR,3521,KABUPATEN NGAWI,2023,285,254,1332
35,JAWA TIMUR,3522,KABUPATEN BOJONEGORO,2023,928,395,1745
35,JAWA TIMUR,3523,KABUPATEN TUBAN,2023,353,353,1321
35,JAWA TIMUR,3524,KABUPATEN LAMONGAN,2023,741,469,2474
35,JAWA TIMUR,3525,KABUPATEN GRESIK,2023,998,634,2340
35,JAWA TIMUR,3526,KABUPATEN BANGKALAN,2023,424,193,1266
35,JAWA TIMUR,3527,KABUPATEN SAMPANG,2023,205,150,1146
35,JAWA TIMUR,3528,KABUPATEN PAMEKASAN,2023,340,242,1354
35,JAWA TIMUR,3529,KABUPATEN SUMENEP,2023,285,168,1585
35,JAWA TIMUR,3571,KOTA KEDIRI,2023,741,354,1697
35,JAWA TIMUR,3572,KOTA BLITAR,2023,257,159,831
35,JAWA TIMUR,3573,KOTA MALANG,2023,1283,773,3775
35,JAWA TIMUR,3574,KOTA PROBOLINGGO,2023,367,193,573
35,JAWA TIMUR,3575,KOTA PASURUAN,2023,229,173,535
35,JAWA TIMUR,3576,KOTA MOJOKERTO,2023,278,194,973
35,JAWA TIMUR,3577,KOTA MADIUN,2023,526,264,1295
35,JAWA TIMUR,3578,KOTA SURABAYA,2023,2530,3657,10984
35,JAWA TIMUR,3579,KOTA BATU,2023,164,146,566
35,JAWA TIMUR,3501,KABUPATEN PACITAN,2024,392,177,731
35,JAWA TIMUR,3502,KABUPATEN PONOROGO,2024,916,401,1884
35,JAWA TIMUR,3503,KABUPATEN TRENGGALEK,2024,550,217,1097
35,JAWA TIMUR,3504,KABUPATEN TULUNGAGUNG,2024,1193,514,2440
35,JAWA TIMUR,3505,KABUPATEN BLITAR,2024,931,365,1342
35,JAWA TIMUR,3506,KABUPATEN KEDIRI,2024,991,566,1768
35,JAWA TIMUR,3507,KABUPATEN MALANG,2024,1791,1179,4235
35,JAWA TIMUR,3508,KABUPATEN LUMAJANG,2024,949,415,1847
35,JAWA TIMUR,3509,KABUPATEN JEMBER,2024,1707,584,3104
35,JAWA TIMUR,3510,KABUPATEN BANYUWANGI,2024,1171,668,2106
35,JAWA TIMUR,3511,KABUPATEN BONDOWOSO,2024,780,177,1360
35,JAWA TIMUR,3512,KABUPATEN SITUBONDO,2024,847,194,1131
35,JAWA TIMUR,3513,KABUPATEN PROBOLINGGO,2024,947,174,1362
35,JAWA TIMUR,3514,KABUPATEN PASURUAN,2024,1117,430,2005
35,JAWA TIMUR,3515,KABUPATEN SIDOARJO,2024,1531,1301,4133
35,JAWA TIMUR,3516,KABUPATEN MOJOKERTO,2024,969,583,1932
35,JAWA TIMUR,3517,KABUPATEN JOMBANG,2024,1454,526,2058
35,JAWA TIMUR,3518,KABUPATEN NGANJUK,2024,789,290,1367
35,JAWA TIMUR,3519,KABUPATEN MADIUN,2024,660,183,930
35,JAWA TIMUR,3520,KABUPATEN MAGETAN,2024,760,202,1096
35,JAWA TIMUR,3521,KABUPATEN NGAWI,2024,770,297,1445
35,JAWA TIMUR,3522,KABUPATEN BOJONEGORO,2024,1388,437,1965
35,JAWA TIMUR,3523,KABUPATEN TUBAN,2024,908,373,1420
35,JAWA TIMUR,3524,KABUPATEN LAMONGAN,2024,1512,568,2725
35,JAWA TIMUR,3525,KABUPATEN GRESIK,2024,1316,713,2386
35,JAWA TIMUR,3526,KABUPATEN BANGKALAN,2024,1141,228,1246
35,JAWA TIMUR,3527,KABUPATEN SAMPANG,2024,891,180,1193
35,JAWA TIMUR,3528,KABUPATEN PAMEKASAN,2024,847,270,1403
35,JAWA TIMUR,3529,KABUPATEN SUMENEP,2024,1272,231,1598
35,JAWA TIMUR,3571,KOTA KEDIRI,2024,600,443,1794
35,JAWA TIMUR,3572,KOTA BLITAR,2024,194,164,847
35,JAWA TIMUR,3573,KOTA MALANG,2024,929,879,3939
35,JAWA TIMUR,3574,KOTA PROBOLINGGO,2024,342,206,614
35,JAWA TIMUR,3575,KOTA PASURUAN,2024,285,184,571
35,JAWA TIMUR,3576,KOTA MOJOKERTO,2024,251,203,963
35,JAWA TIMUR,3577,KOTA MADIUN,2024,359,310,1452
35,JAWA TIMUR,3578,KOTA SURABAYA,2024,2073,3852,11676
35,JAWA TIMUR,3579,KOTA BATU,2024,161,176,611
