kode_provinsi,nama_provinsi,kode_kabupaten_kota,nama_kabupaten_kota,tahun,pelayanan_non_rawat_inap,pelayanan_rawat_inap,jumlah_bidan,jumlah_dokter,jumlah_perawat,jumlah_penyakit_tidak_menular,jumlah_penyakit_menular,jumlah_penduduk,cluster
35,JAWA TIMUR,3501,KABUPATEN PACITAN,2018,9,15,347,141,619,41173,292,554394,1
35,JAWA TIMUR,3502,KABUPATEN PONOROGO,2018,12,19,519,129,990,46778,479,870705,1
35,JAWA TIMUR,3503,KABUPATEN TRENGGALEK,2018,3,19,384,227,792,40464,285,694902,1
35,JAWA TIMUR,3504,KABUPATEN TULUNGAGUNG,2018,14,18,609,263,1098,114929,507,1035290,1
35,JAWA TIMUR,3505,KABUPATEN BLITAR,2018,6,18,540,233,837,65232,392,1157500,1
35,JAWA TIMUR,3506,KABUPATEN KEDIRI,2018,29,8,709,380,981,43288,516,1568113,1
35,JAWA TIMUR,3507,KABUPATEN MALANG,2018,0,39,573,169,1291,296972,803,2591795,1
35,JAWA TIMUR,3508,KABUPATEN LUMAJANG,2018,3,22,416,105,990,64334,222,1039794,1
35,JAWA TIMUR,3509,KABUPATEN JEMBER,2018,33,17,1060,150,2010,81963,611,2440714,1
35,JAWA TIMUR,3510,KABUPATEN BANYUWANGI,2018,26,19,953,207,1342,175108,74,1609677,1
35,JAWA TIMUR,3511,KABUPATEN BONDOWOSO,2018,0,25,714,144,943,92623,304,772297,1
35,JAWA TIMUR,3512,KABUPATEN SITUBONDO,2018,1,16,333,87,539,71467,238,679993,1
35,JAWA TIMUR,3513,KABUPATEN PROBOLINGGO,2018,13,20,817,82,1053,45539,283,1162092,1
35,JAWA TIMUR,3514,KABUPATEN PASURUAN,2018,16,17,671,122,837,294756,449,1616578,1
35,JAWA TIMUR,3515,KABUPATEN SIDOARJO,2018,12,14,1029,937,3164,194441,372,2216804,1
35,JAWA TIMUR,3516,KABUPATEN MOJOKERTO,2018,10,17,636,136,1176,46130,473,1108718,1
35,JAWA TIMUR,3517,KABUPATEN JOMBANG,2018,14,20,1281,247,1633,53299,612,1258618,1
35,JAWA TIMUR,3518,KABUPATEN NGANJUK,2018,6,14,665,248,874,74774,282,1051900,1
35,JAWA TIMUR,3519,KABUPATEN MADIUN,2018,17,9,371,94,706,90553,138,681394,1
35,JAWA TIMUR,3520,KABUPATEN MAGETAN,2018,5,17,542,212,873,105269,186,628924,1
35,JAWA TIMUR,3521,KABUPATEN NGAWI,2018,16,8,667,213,1072,158925,874,830090,1
35,JAWA TIMUR,3522,KABUPATEN BOJONEGORO,2018,10,26,897,200,1107,176376,658,1246927,1
35,JAWA TIMUR,3523,KABUPATEN TUBAN,2018,26,7,487,203,961,80538,348,1168277,1
35,JAWA TIMUR,3524,KABUPATEN LAMONGAN,2018,1,32,990,200,1969,103939,245,1188913,1
35,JAWA TIMUR,3525,KABUPATEN GRESIK,2018,16,16,782,208,1224,92798,296,1299024,1
35,JAWA TIMUR,3526,KABUPATEN BANGKALAN,2018,0,22,899,130,895,54345,341,978892,1
35,JAWA TIMUR,3527,KABUPATEN SAMPANG,2018,3,18,559,95,858,28090,546,968520,1
35,JAWA TIMUR,3528,KABUPATEN PAMEKASAN,2018,0,20,670,109,1035,87549,374,871497,1
35,JAWA TIMUR,3529,KABUPATEN SUMENEP,2018,0,30,672,75,1060,58834,680,1085227,1
35,JAWA TIMUR,3571,KOTA KEDIRI,2018,5,4,369,160,1231,13935,81,285582,1
35,JAWA TIMUR,3572,KOTA BLITAR,2018,1,2,155,127,553,17175,147,140971,1
35,JAWA TIMUR,3573,KOTA MALANG,2018,10,6,686,679,2929,63169,246,866118,1
35,JAWA TIMUR,3574,KOTA PROBOLINGGO,2018,4,2,162,159,654,23470,64,235211,1
35,JAWA TIMUR,3575,KOTA PASURUAN,2018,8,0,202,103,439,28737,60,199078,1
35,JAWA TIMUR,3576,KOTA MOJOKERTO,2018,3,2,105,70,290,47736,31,128282,1
35,JAWA TIMUR,3577,KOTA MADIUN,2018,4,2,263,291,1051,26210,99,176697,1
35,JAWA TIMUR,3578,KOTA SURABAYA,2018,41,22,1264,786,6872,489229,656,2885555,1
35,JAWA TIMUR,3579,KOTA BATU,2018,2,3,87,95,309,13292,80,205788,1
35,JAWA TIMUR,3501,KABUPATEN PACITAN,2019,9,15,346,99,624,29288,670,555304,1
35,JAWA TIMUR,3502,KABUPATEN PONOROGO,2019,12,19,565,108,1218,61691,1842,871370,1
35,JAWA TIMUR,3503,KABUPATEN TRENGGALEK,2019,3,19,395,145,917,72714,613,696295,1
35,JAWA TIMUR,3504,KABUPATEN TULUNGAGUNG,2019,14,18,635,232,1658,71059,1288,1039284,1
35,JAWA TIMUR,3505,KABUPATEN BLITAR,2019,6,18,427,174,870,216193,856,1160677,1
35,JAWA TIMUR,3506,KABUPATEN KEDIRI,2019,29,8,677,195,1051,109213,1668,1574272,1
35,JAWA TIMUR,3507,KABUPATEN MALANG,2019,0,39,951,344,2661,229420,1970,2606204,1
35,JAWA TIMUR,3508,KABUPATEN LUMAJANG,2019,3,22,541,121,1172,149053,1097,1042395,1
35,JAWA TIMUR,3509,KABUPATEN JEMBER,2019,33,17,1065,179,2039,392779,2083,2450668,1
35,JAWA TIMUR,3510,KABUPATEN BANYUWANGI,2019,26,19,912,308,1693,372277,789,1613991,1
35,JAWA TIMUR,3511,KABUPATEN BONDOWOSO,2019,0,25,603,301,1060,86686,541,775715,1
35,JAWA TIMUR,3512,KABUPATEN SITUBONDO,2019,2,18,330,102,547,135182,831,682978,1
35,JAWA TIMUR,3513,KABUPATEN PROBOLINGGO,2019,13,20,675,102,964,95753,649,1168503,1
35,JAWA TIMUR,3514,KABUPATEN PASURUAN,2019,16,17,708,165,1035,426749,819,1627396,1
35,JAWA TIMUR,3515,KABUPATEN SIDOARJO,2019,12,14,1021,459,2856,404269,935,2249476,1
35,JAWA TIMUR,3516,KABUPATEN MOJOKERTO,2019,10,17,606,395,1558,107086,456,1117688,1
35,JAWA TIMUR,3517,KABUPATEN JOMBANG,2019,14,20,1197,239,1662,143479,645,1263814,1
35,JAWA TIMUR,3518,KABUPATEN NGANJUK,2019,6,14,729,199,1156,46202,554,1054611,1
35,JAWA TIMUR,3519,KABUPATEN MADIUN,2019,17,9,404,91,764,35019,434,682684,1
35,JAWA TIMUR,3520,KABUPATEN MAGETAN,2019,5,17,548,88,712,121267,568,628977,1
35,JAWA TIMUR,3521,KABUPATEN NGAWI,2019,16,8,689,161,1114,112256,1519,830108,1
35,JAWA TIMUR,3522,KABUPATEN BOJONEGORO,2019,10,26,1020,214,1210,242645,691,1249692,1
35,JAWA TIMUR,3523,KABUPATEN TUBAN,2019,26,7,491,100,860,103215,690,1172790,1
35,JAWA TIMUR,3524,KABUPATEN LAMONGAN,2019,1,32,931,191,1714,337121,631,1189106,1
35,JAWA TIMUR,3525,KABUPATEN GRESIK,2019,16,16,801,210,1146,99174,651,1312881,1
35,JAWA TIMUR,3526,KABUPATEN BANGKALAN,2019,0,22,1095,126,1029,87320,398,986672,1
35,JAWA TIMUR,3527,KABUPATEN SAMPANG,2019,3,18,624,87,913,215980,592,978875,1
35,JAWA TIMUR,3528,KABUPATEN PAMEKASAN,2019,0,20,692,124,1131,92792,604,879992,1
35,JAWA TIMUR,3529,KABUPATEN SUMENEP,2019,0,30,1027,185,1244,61421,752,1088910,1
35,JAWA TIMUR,3571,KOTA KEDIRI,2019,5,4,390,173,1285,27238,457,287409,1
35,JAWA TIMUR,3572,KOTA BLITAR,2019,1,2,159,104,601,43169,379,141876,1
35,JAWA TIMUR,3573,KOTA MALANG,2019,10,6,727,725,3043,79842,1104,870682,1
35,JAWA TIMUR,3574,KOTA PROBOLINGGO,2019,4,2,187,137,561,26635,428,237208,1
35,JAWA TIMUR,3575,KOTA PASURUAN,2019,8,0,234,90,478,46150,188,200422,1
35,JAWA TIMUR,3576,KOTA MOJOKERTO,2019,4,2,107,68,293,21648,102,129014,1
35,JAWA TIMUR,3577,KOTA MADIUN,2019,4,2,264,152,1066,68426,402,177007,1
35,JAWA TIMUR,3578,KOTA SURABAYA,2019,41,22,1421,896,6999,617181,1817,2896195,1
35,JAWA TIMUR,3579,KOTA BATU,2019,2,3,110,98,411,12982,90,207490,1
35,JAWA TIMUR,3501,KABUPATEN PACITAN,2020,9,15,374,89,629,46806,1503,555984,1
35,JAWA TIMUR,3502,KABUPATEN PONOROGO,2020,12,19,609,147,1370,55887,1538,871825,1
35,JAWA TIMUR,3503,KABUPATEN TRENGGALEK,2020,3,19,398,98,894,80120,1448,697600,1
35,JAWA TIMUR,3504,KABUPATEN TULUNGAGUNG,2020,14,18,609,231,1463,84288,1878,1043182,1
35,JAWA TIMUR,3505,KABUPATEN BLITAR,2020,6,18,561,184,848,142546,2123,1163789,1
35,JAWA TIMUR,3506,KABUPATEN KEDIRI,2020,29,8,828,256,1315,62406,2946,1580092,1
35,JAWA TIMUR,3507,KABUPATEN MALANG,2020,0,39,862,345,2735,188607,3182,2619975,1
35,JAWA TIMUR,3508,KABUPATEN LUMAJANG,2020,3,22,590,141,1343,103121,3457,1044718,1
35,JAWA TIMUR,3509,KABUPATEN JEMBER,2020,33,17,1082,282,2305,219352,6227,2459890,1
35,JAWA TIMUR,3510,KABUPATEN BANYUWANGI,2020,26,19,1093,316,1759,278525,4861,1617814,1
35,JAWA TIMUR,3511,KABUPATEN BONDOWOSO,2020,0,25,621,88,1071,40626,1944,778789,1
35,JAWA TIMUR,3512,KABUPATEN SITUBONDO,2020,2,18,668,96,908,122002,2355,685776,1
35,JAWA TIMUR,3513,KABUPATEN PROBOLINGGO,2020,13,20,717,110,999,39964,2619,1174890,1
35,JAWA TIMUR,3514,KABUPATEN PASURUAN,2020,16,17,750,184,1217,298846,2670,1637682,1
35,JAWA TIMUR,3515,KABUPATEN SIDOARJO,2020,12,14,987,589,3028,294723,8567,2282215,1
35,JAWA TIMUR,3516,KABUPATEN MOJOKERTO,2020,10,17,654,192,1369,189052,1666,1126392,1
35,JAWA TIMUR,3517,KABUPATEN JOMBANG,2020,14,20,1150,248,1744,144728,2693,1268504,1
35,JAWA TIMUR,3518,KABUPATEN NGANJUK,2020,6,14,774,202,1194,64808,1311,1057011,1
35,JAWA TIMUR,3519,KABUPATEN MADIUN,2020,17,9,425,104,776,24687,587,683784,1
35,JAWA TIMUR,3520,KABUPATEN MAGETAN,2020,5,17,530,95,686,130396,1315,629020,1
35,JAWA TIMUR,3521,KABUPATEN NGAWI,2020,16,8,637,181,1156,100336,979,830134,1
35,JAWA TIMUR,3522,KABUPATEN BOJONEGORO,2020,10,26,997,221,1348,214112,1588,1252020,1
35,JAWA TIMUR,3523,KABUPATEN TUBAN,2020,26,7,491,143,923,69020,1948,1177016,1
35,JAWA TIMUR,3524,KABUPATEN LAMONGAN,2020,1,32,970,219,1863,328352,2075,1189380,1
35,JAWA TIMUR,3525,KABUPATEN GRESIK,2020,16,16,900,297,1700,77029,4387,1326420,1
35,JAWA TIMUR,3526,KABUPATEN BANGKALAN,2020,0,22,993,110,1007,98402,1244,994212,1
35,JAWA TIMUR,3527,KABUPATEN SAMPANG,2020,3,18,477,79,468,39730,1018,989001,1
35,JAWA TIMUR,3528,KABUPATEN PAMEKASAN,2020,0,20,665,133,1145,108805,1156,888214,1
35,JAWA TIMUR,3529,KABUPATEN SUMENEP,2020,0,30,969,88,1112,138830,1580,1092387,1
35,JAWA TIMUR,3571,KOTA KEDIRI,2020,5,4,445,195,1427,19723,1115,289109,1
35,JAWA TIMUR,3572,KOTA BLITAR,2020,1,2,156,125,683,6000,871,142798,1
35,JAWA TIMUR,3573,KOTA MALANG,2020,10,6,778,438,3316,54560,4439,874890,1
35,JAWA TIMUR,3574,KOTA PROBOLINGGO,2020,4,2,195,131,562,17026,1659,239024,1
35,JAWA TIMUR,3575,KOTA PASURUAN,2020,8,0,224,96,476,31897,1097,201585,1
35,JAWA TIMUR,3576,KOTA MOJOKERTO,2020,4,2,174,111,776,22084,1103,129891,1
35,JAWA TIMUR,3577,KOTA MADIUN,2020,4,2,277,155,1101,46707,582,177399,1
35,JAWA TIMUR,3578,KOTA SURABAYA,2020,41,22,1512,1084,8814,707155,19070,2904751,1
35,JAWA TIMUR,3579,KOTA BATU,2020,2,3,111,104,454,14214,1123,209125,1
35,JAWA TIMUR,3501,KABUPATEN PACITAN,2021,9,15,411,136,593,99,7600,557164,1
35,JAWA TIMUR,3502,KABUPATEN PONOROGO,2021,12,19,755,300,1457,31,11496,877121,1
35,JAWA TIMUR,3503,KABUPATEN TRENGGALEK,2021,2,20,460,148,886,51,7331,699526,1
35,JAWA TIMUR,3504,KABUPATEN TULUNGAGUNG,2021,15,17,1051,402,1820,31,7423,1047645,1
35,JAWA TIMUR,3505,KABUPATEN BLITAR,2021,6,18,686,294,775,88,9261,1167796,1
35,JAWA TIMUR,3506,KABUPATEN KEDIRI,2021,29,8,987,421,1381,114,12133,1587132,1
35,JAWA TIMUR,3507,KABUPATEN MALANG,2021,0,39,1316,652,2791,129,13586,2637160,1
35,JAWA TIMUR,3508,KABUPATEN LUMAJANG,2021,0,25,859,346,1412,89,6813,1047482,1
35,JAWA TIMUR,3509,KABUPATEN JEMBER,2021,7,43,1625,654,2130,200,12929,2471542,1
35,JAWA TIMUR,3510,KABUPATEN BANYUWANGI,2021,27,18,1218,604,1525,365,10192,1622536,1
35,JAWA TIMUR,3511,KABUPATEN BONDOWOSO,2021,0,25,707,134,830,35,5196,782676,1
35,JAWA TIMUR,3512,KABUPATEN SITUBONDO,2021,2,18,770,155,725,134,6094,689361,1
35,JAWA TIMUR,3513,KABUPATEN PROBOLINGGO,2021,12,21,959,189,997,44,5335,1182298,1
35,JAWA TIMUR,3514,KABUPATEN PASURUAN,2021,16,17,1121,348,1735,261,6815,1650256,1
35,JAWA TIMUR,3515,KABUPATEN SIDOARJO,2021,13,14,1363,1010,2893,292,18097,2321549,1
35,JAWA TIMUR,3516,KABUPATEN MOJOKERTO,2021,10,17,747,302,1270,145,6748,1136879,1
35,JAWA TIMUR,3517,KABUPATEN JOMBANG,2021,15,19,1340,423,1583,251,10360,1274197,1
35,JAWA TIMUR,3518,KABUPATEN NGANJUK,2021,6,14,836,245,1035,67,12055,1060086,1
35,JAWA TIMUR,3519,KABUPATEN MADIUN,2021,16,10,510,136,695,31,8677,685490,1
35,JAWA TIMUR,3520,KABUPATEN MAGETAN,2021,5,17,655,216,985,94,9898,636148,1
35,JAWA TIMUR,3521,KABUPATEN NGAWI,2021,1,23,695,275,1199,162,7895,840327,1
35,JAWA TIMUR,3522,KABUPATEN BOJONEGORO,2021,10,26,1123,412,1125,170,6405,1255119,1
35,JAWA TIMUR,3523,KABUPATEN TUBAN,2021,25,8,794,311,839,50,6156,1182070,1
35,JAWA TIMUR,3524,KABUPATEN LAMONGAN,2021,1,32,1241,533,1806,250,5336,1204437,1
35,JAWA TIMUR,3525,KABUPATEN GRESIK,2021,16,16,1199,705,1865,51,9656,1342628,1
35,JAWA TIMUR,3526,KABUPATEN BANGKALAN,2021,0,22,1072,205,636,69,5490,1003188,1
35,JAWA TIMUR,3527,KABUPATEN SAMPANG,2021,3,19,870,127,694,13,2907,1001140,1
35,JAWA TIMUR,3528,KABUPATEN PAMEKASAN,2021,0,21,714,226,949,223,2190,898130,1
35,JAWA TIMUR,3529,KABUPATEN SUMENEP,2021,0,30,1191,137,1030,42,4313,1096701,1
35,JAWA TIMUR,3571,KOTA KEDIRI,2021,5,4,538,400,1255,22,3642,291256,1
35,JAWA TIMUR,3572,KOTA BLITAR,2021,1,2,200,171,606,8,6468,143840,1
35,JAWA TIMUR,3573,KOTA MALANG,2021,16,0,873,2053,3265,62,12515,880169,1
35,JAWA TIMUR,3574,KOTA PROBOLINGGO,2021,4,2,304,194,512,21,3471,241423,1
35,JAWA TIMUR,3575,KOTA PASURUAN,2021,8,0,262,161,476,51,3089,203244,1
35,JAWA TIMUR,3576,KOTA MOJOKERTO,2021,4,2,217,171,572,36,3491,131216,1
35,JAWA TIMUR,3577,KOTA MADIUN,2021,5,1,339,244,1118,49,7004,177972,1
35,JAWA TIMUR,3578,KOTA SURABAYA,2021,41,22,1950,5299,9444,479,49775,2918543,2
35,JAWA TIMUR,3579,KOTA BATU,2021,2,3,154,180,441,11,2119,211225,1
35,JAWA TIMUR,3501,KABUPATEN PACITAN,2022,9,15,434,93,756,96220,2235,557765,1
35,JAWA TIMUR,3502,KABUPATEN PONOROGO,2022,12,19,828,258,1548,83167,3116,878068,1
35,JAWA TIMUR,3503,KABUPATEN TRENGGALEK,2022,2,20,462,124,1026,214529,2313,700716,1
35,JAWA TIMUR,3504,KABUPATEN TULUNGAGUNG,2022,15,17,1029,279,2186,136041,3424,1051302,1
35,JAWA TIMUR,3505,KABUPATEN BLITAR,2022,6,18,728,214,1098,352263,3279,1170647,1
35,JAWA TIMUR,3506,KABUPATEN KEDIRI,2022,29,8,990,322,1651,178368,9069,1592699,1
35,JAWA TIMUR,3507,KABUPATEN MALANG,2022,0,39,1382,608,3664,250173,15346,2650825,1
35,JAWA TIMUR,3508,KABUPATEN LUMAJANG,2022,0,25,799,204,1538,144578,3845,1049583,1
35,JAWA TIMUR,3509,KABUPATEN JEMBER,2022,7,43,1637,436,2973,306496,7706,2480477,1
35,JAWA TIMUR,3510,KABUPATEN BANYUWANGI,2022,27,18,1161,342,1958,352612,7622,1626064,1
35,JAWA TIMUR,3511,KABUPATEN BONDOWOSO,2022,0,25,717,100,1223,40242,2654,785692,1
35,JAWA TIMUR,3512,KABUPATEN SITUBONDO,2022,2,18,752,103,1052,135378,2501,692143,1
35,JAWA TIMUR,3513,KABUPATEN PROBOLINGGO,2022,12,21,809,126,1259,63192,2693,1188469,1
35,JAWA TIMUR,3514,KABUPATEN PASURUAN,2022,16,17,1094,251,1756,363060,5343,1660602,1
35,JAWA TIMUR,3515,KABUPATEN SIDOARJO,2022,13,14,1453,776,3857,504944,26020,2355415,1
35,JAWA TIMUR,3516,KABUPATEN MOJOKERTO,2022,10,17,804,293,1683,201314,4266,1145650,1
35,JAWA TIMUR,3517,KABUPATEN JOMBANG,2022,15,19,1297,279,1911,257619,5798,1278825,1
35,JAWA TIMUR,3518,KABUPATEN NGANJUK,2022,6,14,809,206,1288,103271,5501,1062357,1
35,JAWA TIMUR,3519,KABUPATEN MADIUN,2022,16,10,538,120,859,59266,3187,686525,1
35,JAWA TIMUR,3520,KABUPATEN MAGETAN,2022,5,17,578,129,932,188106,3459,637108,1
35,JAWA TIMUR,3521,KABUPATEN NGAWI,2022,1,23,740,184,1353,215113,3719,841595,1
35,JAWA TIMUR,3522,KABUPATEN BOJONEGORO,2022,9,26,1059,240,1577,278630,3838,1257262,1
35,JAWA TIMUR,3523,KABUPATEN TUBAN,2022,25,8,767,206,1168,224226,3092,1186077,1
35,JAWA TIMUR,3524,KABUPATEN LAMONGAN,2022,1,31,1240,363,2441,336384,3495,1206257,1
35,JAWA TIMUR,3525,KABUPATEN GRESIK,2022,16,16,1265,489,2350,86211,10013,1356453,1
35,JAWA TIMUR,3526,KABUPATEN BANGKALAN,2022,0,22,1161,123,1233,135615,2117,1010737,1
35,JAWA TIMUR,3527,KABUPATEN SAMPANG,2022,3,19,862,98,1097,80417,1637,1011438,1
35,JAWA TIMUR,3528,KABUPATEN PAMEKASAN,2022,0,21,793,146,1339,162086,1307,906496,1
35,JAWA TIMUR,3529,KABUPATEN SUMENEP,2022,0,30,1288,118,1531,252726,1953,1099979,1
35,JAWA TIMUR,3571,KOTA KEDIRI,2022,5,4,547,252,1661,38213,2569,292927,1
35,JAWA TIMUR,3572,KOTA BLITAR,2022,1,2,171,109,802,37174,1207,144727,1
35,JAWA TIMUR,3573,KOTA MALANG,2022,16,0,892,1332,3835,128549,17493,884360,1
35,JAWA TIMUR,3574,KOTA PROBOLINGGO,2022,4,2,259,122,551,30929,1549,243356,1
35,JAWA TIMUR,3575,KOTA PASURUAN,2022,8,0,237,96,485,52408,1525,204520,1
35,JAWA TIMUR,3576,KOTA MOJOKERTO,2022,4,2,230,172,949,33250,1238,132045,1
35,JAWA TIMUR,3577,KOTA MADIUN,2022,5,1,338,169,1337,38735,3860,178333,1
35,JAWA TIMUR,3578,KOTA SURABAYA,2022,41,22,2068,4185,11668,686072,78934,2928058,2
35,JAWA TIMUR,3579,KOTA BATU,2022,2,3,152,154,548,30868,2466,212889,1
35,JAWA TIMUR,3501,KABUPATEN PACITAN,2023,9,15,170,143,745,99836,322,558220,1
35,JAWA TIMUR,3502,KABUPATEN PONOROGO,2023,12,19,537,333,1646,149775,414,878785,1
35,JAWA TIMUR,3503,KABUPATEN TRENGGALEK,2023,2,20,252,182,1045,224076,379,701723,1
35,JAWA TIMUR,3504,KABUPATEN TULUNGAGUNG,2023,15,17,682,474,2394,258200,734,1054696,1
35,JAWA TIMUR,3505,KABUPATEN BLITAR,2023,6,18,558,371,1278,390004,755,1173198,1
35,JAWA TIMUR,3506,KABUPATEN KEDIRI,2023,29,8,690,444,1660,439943,982,1597867,1
35,JAWA TIMUR,3507,KABUPATEN MALANG,2023,0,39,1042,798,3724,830242,2007,2663862,1
35,JAWA TIMUR,3508,KABUPATEN LUMAJANG,2023,0,25,649,354,1792,230032,893,1051412,1
35,JAWA TIMUR,3509,KABUPATEN JEMBER,2023,7,43,1032,598,3026,198428,1755,2488791,1
35,JAWA TIMUR,3510,KABUPATEN BANYUWANGI,2023,27,18,707,601,2032,455903,1049,1629172,1
35,JAWA TIMUR,3511,KABUPATEN BONDOWOSO,2023,0,25,283,183,1262,180030,502,788512,1
35,JAWA TIMUR,3512,KABUPATEN SITUBONDO,2023,2,18,462,170,1064,164379,838,694754,1
35,JAWA TIMUR,3513,KABUPATEN PROBOLINGGO,2023,12,21,486,175,1351,130325,1245,1194358,1
35,JAWA TIMUR,3514,KABUPATEN PASURUAN,2023,16,17,799,358,1828,505627,1201,1670573,1
35,JAWA TIMUR,3515,KABUPATEN SIDOARJO,2023,16,14,1574,1128,4151,662541,1665,2389147,1
35,JAWA TIMUR,3516,KABUPATEN MOJOKERTO,2023,10,17,611,470,1779,356418,704,1154185,1
35,JAWA TIMUR,3517,KABUPATEN JOMBANG,2023,15,19,1007,414,1977,330604,822,1283132,1
35,JAWA TIMUR,3518,KABUPATEN NGANJUK,2023,6,14,471,276,1310,185045,921,1064353,1
35,JAWA TIMUR,3519,KABUPATEN MADIUN,2023,16,10,388,166,920,130410,488,687381,1
35,JAWA TIMUR,3520,KABUPATEN MAGETAN,2023,5,17,359,186,980,218321,424,637903,1
35,JAWA TIMUR,3521,KABUPATEN NGAWI,2023,1,23,285,254,1332,262065,639,842645,1
35,JAWA TIMUR,3522,KABUPATEN BOJONEGORO,2023,9,26,928,395,1745,332551,740,1259078,1
35,JAWA TIMUR,3523,KABUPATEN TUBAN,2023,25,8,353,353,1321,283784,607,1189785,1
35,JAWA TIMUR,3524,KABUPATEN LAMONGAN,2023,1,31,741,469,2474,360644,769,1207761,1
35,JAWA TIMUR,3525,KABUPATEN GRESIK,2023,16,16,998,634,2340,268912,933,1370060,1
35,JAWA TIMUR,3526,KABUPATEN BANGKALAN,2023,0,22,424,193,1266,301530,456,1018075,1
35,JAWA TIMUR,3527,KABUPATEN SAMPANG,2023,3,19,205,150,1146,292124,661,1021574,1
35,JAWA TIMUR,3528,KABUPATEN PAMEKASAN,2023,0,21,340,242,1354,236875,602,914700,1
35,JAWA TIMUR,3529,KABUPATEN SUMENEP,2023,0,30,285,168,1585,264042,741,1102978,1
35,JAWA TIMUR,3571,KOTA KEDIRI,2023,5,4,741,354,1697,93610,335,294532,1
35,JAWA TIMUR,3572,KOTA BLITAR,2023,1,2,257,159,831,52488,301,145583,1
35,JAWA TIMUR,3573,KOTA MALANG,2023,16,0,1283,773,3775,223649,1400,888338,1
35,JAWA TIMUR,3574,KOTA PROBOLINGGO,2023,4,2,367,193,573,39805,390,245240,1
35,JAWA TIMUR,3575,KOTA PASURUAN,2023,8,0,229,173,535,58612,204,205749,1
35,JAWA TIMUR,3576,KOTA MOJOKERTO,2023,4,2,278,194,973,42763,139,132844,1
35,JAWA TIMUR,3577,KOTA MADIUN,2023,6,0,526,264,1295,50711,339,178647,1
35,JAWA TIMUR,3578,KOTA SURABAYA,2023,41,22,2530,3657,10984,875411,5675,2936833,2
35,JAWA TIMUR,3579,KOTA BATU,2023,2,3,164,146,566,47114,285,214508,1
35,JAWA TIMUR,3501,KABUPATEN PACITAN,2024,9,15,392,177,731,124298,553,588569,1
35,JAWA TIMUR,3502,KABUPATEN PONOROGO,2024,13,18,916,401,1884,172338,632,962941,1
35,JAWA TIMUR,3503,KABUPATEN TRENGGALEK,2024,3,19,550,217,1097,64480,1166,744516,1
35,JAWA TIMUR,3504,KABUPATEN TULUNGAGUNG,2024,15,17,1193,514,2440,296597,1832,1113847,1
35,JAWA TIMUR,3505,KABUPATEN BLITAR,2024,9,15,931,365,1342,391130,1590,1263645,1
35,JAWA TIMUR,3506,KABUPATEN KEDIRI,2024,29,8,991,566,1768,120174,837,1689916,1
35,JAWA TIMUR,3507,KABUPATEN MALANG,2024,0,39,1791,1179,4235,247869,4666,2735993,1
35,JAWA TIMUR,3508,KABUPATEN LUMAJANG,2024,0,25,949,415,1847,274601,1350,1145849,1
35,JAWA TIMUR,3509,KABUPATEN JEMBER,2024,7,43,1707,584,3104,184554,2462,2603817,1
35,JAWA TIMUR,3510,KABUPATEN BANYUWANGI,2024,27,18,1171,668,2106,132739,1075,1754393,1
35,JAWA TIMUR,3511,KABUPATEN BONDOWOSO,2024,0,25,780,177,1360,83309,1186,792309,1
35,JAWA TIMUR,3512,KABUPATEN SITUBONDO,2024,3,17,847,194,1131,164007,1396,700719,1
35,JAWA TIMUR,3513,KABUPATEN PROBOLINGGO,2024,13,20,947,174,1362,104769,3232,1185242,1
35,JAWA TIMUR,3514,KABUPATEN PASURUAN,2024,16,17,1117,430,2005,108643,1915,1657216,1
35,JAWA TIMUR,3515,KABUPATEN SIDOARJO,2024,17,14,1531,1301,4133,130584,1133,2171480,1
35,JAWA TIMUR,3516,KABUPATEN MOJOKERTO,2024,10,17,969,583,1932,117137,542,1154257,1
35,JAWA TIMUR,3517,KABUPATEN JOMBANG,2024,14,20,1454,526,2058,359973,720,1362697,1
35,JAWA TIMUR,3518,KABUPATEN NGANJUK,2024,6,14,789,290,1367,237392,1740,1131777,1
35,JAWA TIMUR,3519,KABUPATEN MADIUN,2024,16,10,660,183,930,61050,518,757839,1
35,JAWA TIMUR,3520,KABUPATEN MAGETAN,2024,4,18,760,202,1096,235752,727,685500,1
35,JAWA TIMUR,3521,KABUPATEN NGAWI,2024,3,21,770,297,1445,299126,843,884086,1
35,JAWA TIMUR,3522,KABUPATEN BOJONEGORO,2024,9,26,1388,437,1965,128968,1017,1325299,1
35,JAWA TIMUR,3523,KABUPATEN TUBAN,2024,25,8,908,373,1420,75828,1245,1225205,1
35,JAWA TIMUR,3524,KABUPATEN LAMONGAN,2024,1,31,1512,568,2725,361720,1232,1378147,1
35,JAWA TIMUR,3525,KABUPATEN GRESIK,2024,16,16,1316,713,2386,145935,875,1364019,1
35,JAWA TIMUR,3526,KABUPATEN BANGKALAN,2024,0,22,1141,228,1246,71362,536,1102522,1
35,JAWA TIMUR,3527,KABUPATEN SAMPANG,2024,1,21,891,180,1193,249446,1170,1016254,1
35,JAWA TIMUR,3528,KABUPATEN PAMEKASAN,2024,0,21,847,270,1403,240414,1254,884697,1
35,JAWA TIMUR,3529,KABUPATEN SUMENEP,2024,0,30,1272,231,1598,270023,1941,1153188,1
35,JAWA TIMUR,3571,KOTA KEDIRI,2024,6,3,600,443,1794,27041,550,298227,1
35,JAWA TIMUR,3572,KOTA BLITAR,2024,3,0,194,164,847,53759,225,154867,1
35,JAWA TIMUR,3573,KOTA MALANG,2024,16,0,929,879,3939,94250,1342,872694,1
35,JAWA TIMUR,3574,KOTA PROBOLINGGO,2024,4,2,342,206,614,48330,610,249539,1
35,JAWA TIMUR,3575,KOTA PASURUAN,2024,8,0,285,184,571,18844,287,219392,1
35,JAWA TIMUR,3576,KOTA MOJOKERTO,2024,6,0,251,203,963,16010,129,137393,1
35,JAWA TIMUR,3577,KOTA MADIUN,2024,6,0,359,310,1452,23764,756,201767,1
35,JAWA TIMUR,3578,KOTA SURABAYA,2024,40,23,2073,3852,11676,851331,2299,2921996,2
35,JAWA TIMUR,3579,KOTA BATU,2024,2,3,161,176,611,58862,511,222685,1
