kode_provinsi,nama_provinsi,kode_kabupaten_kota,nama_kabupaten_kota,tahun,JUMLAH_PENDUDUK
35,JAWA TIMUR,3501,KABUPATEN PACITAN,2018,554394
35,JAWA TIMUR,3502,KABUPATEN PONOROGO,2018,870705
35,JAWA TIMUR,3503,KABUPATEN TRENGGALEK,2018,694902
35,JAWA TIMUR,3504,KABUPATEN TULUNGAGUNG,2018,1035290
35,JAWA TIMUR,3505,KABUPATEN BLITAR,2018,1157500
35,JAWA TIMUR,3506,KABUPATEN KEDIRI,2018,1568113
35,JAWA TIMUR,3507,KABUPATEN MALANG,2018,2591795
35,JAWA TIMUR,3508,KABUPATEN LUMAJANG,2018,1039794
35,JAWA TIMUR,3509,KABUPATEN JEMBER,2018,2440714
35,JAWA TIMUR,3510,KABUPATEN BANYUWANGI,2018,1609677
35,JAWA TIMUR,3511,KABUPATEN BONDOWOSO,2018,772297
35,JAWA TIMUR,3512,KABUPATEN SITUBONDO,2018,679993
35,JAWA TIMUR,3513,KABUPATEN PROBOLINGGO,2018,1162092
35,JAWA TIMUR,3514,KABUPATEN PASURUAN,2018,1616578
35,JAWA TIMUR,3515,KABUPATEN SIDOARJO,2018,2216804
35,JAWA TIMUR,3516,KABUPATEN MOJOKERTO,2018,1108718
35,JAWA TIMUR,3517,KABUPATEN JOMBANG,2018,1258618
35,JAWA TIMUR,3518,KABUPATEN NGANJUK,2018,1051900
35,JAWA TIMUR,3519,KABUPATEN MADIUN,2018,681394
35,JAWA TIMUR,3520,KABUPATEN MAGETAN,2018,628924
35,JAWA TIMUR,3521,KABUPATEN NGAWI,2018,830090
35,JAWA TIMUR,3522,KABUPATEN BOJONEGORO,2018,1246927
35,JAWA TIMUR,3523,KABUPATEN TUBAN,2018,1168277
35,JAWA TIMUR,3524,KABUPATEN LAMONGAN,2018,1188913
35,JAWA TIMUR,3525,KABUPATEN GRESIK,2018,1299024
35,JAWA TIMUR,3526,KABUPATEN BANGKALAN,2018,978892
35,JAWA TIMUR,3527,KABUPATEN SAMPANG,2018,968520
35,JAWA TIMUR,3528,KABUPATEN PAMEKASAN,2018,871497
35,JAWA TIMUR,3529,KABUPATEN SUMENEP,2018,1085227
35,JAWA TIMUR,3571,KOTA KEDIRI,2018,285582
35,JAWA TIMUR,3572,KOTA BLITAR,2018,140971
35,JAWA TIMUR,3573,KOTA MALANG,2018,866118
35,JAWA TIMUR,3574,KOTA PROBOLINGGO,2018,235211
35,JAWA TIMUR,3575,KOTA PASURUAN,2018,199078
35,JAWA TIMUR,3576,KOTA MOJOKERTO,2018,128282
35,JAWA TIMUR,3577,KOTA MADIUN,2018,176697
35,JAWA TIMUR,3578,KOTA SURABAYA,2018,2885555
35,JAWA TIMUR,3579,KOTA BATU,2018,205788
35,JAWA TIMUR,3501,KABUPATEN PACITAN,2019,555304
35,JAWA TIMUR,3502,KABUPATEN PONOROGO,2019,871370
35,JAWA TIMUR,3503,KABUPATEN TRENGGALEK,2019,696295
35,JAWA TIMUR,3504,KABUPATEN TULUNGAGUNG,2019,1039284
35,JAWA TIMUR,3505,KABUPATEN BLITAR,2019,1160677
35,JAWA TIMUR,3506,KABUPATEN KEDIRI,2019,1574272
35,JAWA TIMUR,3507,KABUPATEN MALANG,2019,2606204
35,JAWA TIMUR,3508,KABUPATEN LUMAJANG,2019,1042395
35,JAWA TIMUR,3509,KABUPATEN JEMBER,2019,2450668
35,JAWA TIMUR,3510,KABUPATEN BANYUWANGI,2019,1613991
35,JAWA TIMUR,3511,KABUPATEN BONDOWOSO,2019,775715
35,JAWA TIMUR,3512,KABUPATEN SITUBONDO,2019,682978
35,JAWA TIMUR,3513,KABUPATEN PROBOLINGGO,2019,1168503
35,JAWA TIMUR,3514,KABUPATEN PASURUAN,2019,1627396
35,JAWA TIMUR,3515,KABUPATEN SIDOARJO,2019,2249476
35,JAWA TIMUR,3516,KABUPATEN MOJOKERTO,2019,1117688
35,JAWA TIMUR,3517,KABUPATEN JOMBANG,2019,1263814
35,JAWA TIMUR,3518,KABUPATEN NGANJUK,2019,1054611
35,JAWA TIMUR,3519,KABUPATEN MADIUN,2019,682684
35,JAWA TIMUR,3520,KABUPATEN MAGETAN,2019,628977
35,JAWA TIMUR,3521,KABUPATEN NGAWI,2019,830108
35,JAWA TIMUR,3522,KABUPATEN BOJONEGORO,2019,1249692
35,JAWA TIMUR,3523,KABUPATEN TUBAN,2019,1172790
35,JAWA TIMUR,3524,KABUPATEN LAMONGAN,2019,1189106
35,JAWA TIMUR,3525,KABUPATEN GRESIK,2019,1312881
35,JAWA TIMUR,3526,KABUPATEN BANGKALAN,2019,986672
35,JAWA TIMUR,3527,KABUPATEN SAMPANG,2019,978875
35,JAWA TIMUR,3528,KABUPATEN PAMEKASAN,2019,879992
35,JAWA TIMUR,3529,KABUPATEN SUMENEP,2019,1088910
35,JAWA TIMUR,3571,KOTA KEDIRI,2019,287409
35,JAWA TIMUR,3572,KOTA BLITAR,2019,141876
35,JAWA TIMUR,3573,KOTA MALANG,2019,870682
35,JAWA TIMUR,3574,KOTA PROBOLINGGO,2019,237208
35,JAWA TIMUR,3575,KOTA PASURUAN,2019,200422
35,JAWA TIMUR,3576,KOTA MOJOKERTO,2019,129014
35,JAWA TIMUR,3577,KOTA MADIUN,2019,177007
35,JAWA TIMUR,3578,KOTA SURABAYA,2019,2896195
35,JAWA TIMUR,3579,KOTA BATU,2019,207490
35,JAWA TIMUR,3501,KABUPATEN PACITAN,2020,555984
35,JAWA TIMUR,3502,KABUPATEN PONOROGO,2020,871825
35,JAWA TIMUR,3503,KABUPATEN TRENGGALEK,2020,697600
35,JAWA TIMUR,3504,KABUPATEN TULUNGAGUNG,2020,1043182
35,JAWA TIMUR,3505,KABUPATEN BLITAR,2020,1163789
35,JAWA TIMUR,3506,KABUPATEN KEDIRI,2020,1580092
35,JAWA TIMUR,3507,KABUPATEN MALANG,2020,2619975
35,JAWA TIMUR,3508,KABUPATEN LUMAJANG,2020,1044718
35,JAWA TIMUR,3509,KABUPATEN JEMBER,2020,2459890
35,JAWA TIMUR,3510,KABUPATEN BANYUWANGI,2020,1617814
35,JAWA TIMUR,3511,KABUPATEN BONDOWOSO,2020,778789
35,JAWA TIMUR,3512,KABUPATEN SITUBONDO,2020,685776
35,JAWA TIMUR,3513,KABUPATEN PROBOLINGGO,2020,1174890
35,JAWA TIMUR,3514,KABUPATEN PASURUAN,2020,1637682
35,JAWA TIMUR,3515,KABUPATEN SIDOARJO,2020,2282215
35,JAWA TIMUR,3516,KABUPATEN MOJOKERTO,2020,1126392
35,JAWA TIMUR,3517,KABUPATEN JOMBANG,2020,1268504
35,JAWA TIMUR,3518,KABUPATEN NGANJUK,2020,1057011
35,JAWA TIMUR,3519,KABUPATEN MADIUN,2020,683784
35,JAWA TIMUR,3520,KABUPATEN MAGETAN,2020,629020
35,JAWA TIMUR,3521,KABUPATEN NGAWI,2020,830134
35,JAWA TIMUR,3522,KABUPATEN BOJONEGORO,2020,1252020
35,JAWA TIMUR,3523,KABUPATEN TUBAN,2020,1177016
35,JAWA TIMUR,3524,KABUPATEN LAMONGAN,2020,1189380
35,JAWA TIMUR,3525,KABUPATEN GRESIK,2020,1326420
35,JAWA TIMUR,3526,KABUPATEN BANGKALAN,2020,994212
35,JAWA TIMUR,3527,KABUPATEN SAMPANG,2020,989001
35,JAWA TIMUR,3528,KABUPATEN PAMEKASAN,2020,888214
35,JAWA TIMUR,3529,KABUPATEN SUMENEP,2020,1092387
35,JAWA TIMUR,3571,KOTA KEDIRI,2020,289109
35,JAWA TIMUR,3572,KOTA BLITAR,2020,142798
35,JAWA TIMUR,3573,KOTA MALANG,2020,874890
35,JAWA TIMUR,3574,KOTA PROBOLINGGO,2020,239024
35,JAWA TIMUR,3575,KOTA PASURUAN,2020,201585
35,JAWA TIMUR,3576,KOTA MOJOKERTO,2020,129891
35,JAWA TIMUR,3577,KOTA MADIUN,2020,177399
35,JAWA TIMUR,3578,KOTA SURABAYA,2020,2904751
35,JAWA TIMUR,3579,KOTA BATU,2020,209125
35,JAWA TIMUR,3501,KABUPATEN PACITAN,2021,557164
35,JAWA TIMUR,3502,KABUPATEN PONOROGO,2021,877121
35,JAWA TIMUR,3503,KABUPATEN TRENGGALEK,2021,699526
35,JAWA TIMUR,3504,KABUPATEN TULUNGAGUNG,2021,1047645
35,JAWA TIMUR,3505,KABUPATEN BLITAR,2021,1167796
35,JAWA TIMUR,3506,KABUPATEN KEDIRI,2021,1587132
35,JAWA TIMUR,3507,KABUPATEN MALANG,2021,2637160
35,JAWA TIMUR,3508,KABUPATEN LUMAJANG,2021,1047482
35,JAWA TIMUR,3509,KABUPATEN JEMBER,2021,2471542
35,JAWA TIMUR,3510,KABUPATEN BANYUWANGI,2021,1622536
35,JAWA TIMUR,3511,KABUPATEN BONDOWOSO,2021,782676
35,JAWA TIMUR,3512,KABUPATEN SITUBONDO,2021,689361
35,JAWA TIMUR,3513,KABUPATEN PROBOLINGGO,2021,1182298
35,JAWA TIMUR,3514,KABUPATEN PASURUAN,2021,1650256
35,JAWA TIMUR,3515,KABUPATEN SIDOARJO,2021,2321549
35,JAWA TIMUR,3516,KABUPATEN MOJOKERTO,2021,1136879
35,JAWA TIMUR,3517,KABUPATEN JOMBANG,2021,1274197
35,JAWA TIMUR,3518,KABUPATEN NGANJUK,2021,1060086
35,JAWA TIMUR,3519,KABUPATEN MADIUN,2021,685490
35,JAWA TIMUR,3520,KABUPATEN MAGETAN,2021,636148
35,JAWA TIMUR,3521,KABUPATEN NGAWI,2021,840327
35,JAWA TIMUR,3522,KABUPATEN BOJONEGORO,2021,1255119
35,JAWA TIMUR,3523,KABUPATEN TUBAN,2021,1182070
35,JAWA TIMUR,3524,KABUPATEN LAMONGAN,2021,1204437
35,JAWA TIMUR,3525,KABUPATEN GRESIK,2021,1342628
35,JAWA TIMUR,3526,KABUPATEN BANGKALAN,2021,1003188
35,JAWA TIMUR,3527,KABUPATEN SAMPANG,2021,1001140
35,JAWA TIMUR,3528,KABUPATEN PAMEKASAN,2021,898130
35,JAWA TIMUR,3529,KABUPATEN SUMENEP,2021,1096701
35,JAWA TIMUR,3571,KOTA KEDIRI,2021,291256
35,JAWA TIMUR,3572,KOTA BLITAR,2021,143840
35,JAWA TIMUR,3573,KOTA MALANG,2021,880169
35,JAWA TIMUR,3574,KOTA PROBOLINGGO,2021,241423
35,JAWA TIMUR,3575,KOTA PASURUAN,2021,203244
35,JAWA TIMUR,3576,KOTA MOJOKERTO,2021,131216
35,JAWA TIMUR,3577,KOTA MADIUN,2021,177972
35,JAWA TIMUR,3578,KOTA SURABAYA,2021,2918543
35,JAWA TIMUR,3579,KOTA BATU,2021,211225
35,JAWA TIMUR,3501,KABUPATEN PACITAN,2022,557765
35,JAWA TIMUR,3502,KABUPATEN PONOROGO,2022,878068
35,JAWA TIMUR,3503,KABUPATEN TRENGGALEK,2022,700716
35,JAWA TIMUR,3504,KABUPATEN TULUNGAGUNG,2022,1051302
35,JAWA TIMUR,3505,KABUPATEN BLITAR,2022,1170647
35,JAWA TIMUR,3506,KABUPATEN KEDIRI,2022,1592699
35,JAWA TIMUR,3507,KABUPATEN MALANG,2022,2650825
35,JAWA TIMUR,3508,KABUPATEN LUMAJANG,2022,1049583
35,JAWA TIMUR,3509,KABUPATEN JEMBER,2022,2480477
35,JAWA TIMUR,3510,KABUPATEN BANYUWANGI,2022,1626064
35,JAWA TIMUR,3511,KABUPATEN BONDOWOSO,2022,785692
35,JAWA TIMUR,3512,KABUPATEN SITUBONDO,2022,692143
35,JAWA TIMUR,3513,KABUPATEN PROBOLINGGO,2022,1188469
35,JAWA TIMUR,3514,KABUPATEN PASURUAN,2022,1660602
35,JAWA TIMUR,3515,KABUPATEN SIDOARJO,2022,2355415
35,JAWA TIMUR,3516,KABUPATEN MOJOKERTO,2022,1145650
35,JAWA TIMUR,3517,KABUPATEN JOMBANG,2022,1278825
35,JAWA TIMUR,3518,KABUPATEN NGANJUK,2022,1062357
35,JAWA TIMUR,3519,KABUPATEN MADIUN,2022,686525
35,JAWA TIMUR,3520,KABUPATEN MAGETAN,2022,637108
35,JAWA TIMUR,3521,KABUPATEN NGAWI,2022,841595
35,JAWA TIMUR,3522,KABUPATEN BOJONEGORO,2022,1257262
35,JAWA TIMUR,3523,KABUPATEN TUBAN,2022,1186077
35,JAWA TIMUR,3524,KABUPATEN LAMONGAN,2022,1206257
35,JAWA TIMUR,3525,KABUPATEN GRESIK,2022,1356453
35,JAWA TIMUR,3526,KABUPATEN BANGKALAN,2022,1010737
35,JAWA TIMUR,3527,KABUPATEN SAMPANG,2022,1011438
35,JAWA TIMUR,3528,KABUPATEN PAMEKASAN,2022,906496
35,JAWA TIMUR,3529,KABUPATEN SUMENEP,2022,1099979
35,JAWA TIMUR,3571,KOTA KEDIRI,2022,292927
35,JAWA TIMUR,3572,KOTA BLITAR,2022,144727
35,JAWA TIMUR,3573,KOTA MALANG,2022,884360
35,JAWA TIMUR,3574,KOTA PROBOLINGGO,2022,243356
35,JAWA TIMUR,3575,KOTA PASURUAN,2022,204520
35,JAWA TIMUR,3576,KOTA MOJOKERTO,2022,132045
35,JAWA TIMUR,3577,KOTA MADIUN,2022,178333
35,JAWA TIMUR,3578,KOTA SURABAYA,2022,2928058
35,JAWA TIMUR,3579,KOTA BATU,2022,212889
35,JAWA TIMUR,3501,KABUPATEN PACITAN,2023,558220
35,JAWA TIMUR,3502,KABUPATEN PONOROGO,2023,878785
35,JAWA TIMUR,3503,KABUPATEN TRENGGALEK,2023,701723
35,JAWA TIMUR,3504,KABUPATEN TULUNGAGUNG,2023,1054696
35,JAWA TIMUR,3505,KABUPATEN BLITAR,2023,1173198
35,JAWA TIMUR,3506,KABUPATEN KEDIRI,2023,1597867
35,JAWA TIMUR,3507,KABUPATEN MALANG,2023,2663862
35,JAWA TIMUR,3508,KABUPATEN LUMAJANG,2023,1051412
35,JAWA TIMUR,3509,KABUPATEN JEMBER,2023,2488791
35,JAWA TIMUR,3510,KABUPATEN BANYUWANGI,2023,1629172
35,JAWA TIMUR,3511,KABUPATEN BONDOWOSO,2023,788512
35,JAWA TIMUR,3512,KABUPATEN SITUBONDO,2023,694754
35,JAWA TIMUR,3513,KABUPATEN PROBOLINGGO,2023,1194358
35,JAWA TIMUR,3514,KABUPATEN PASURUAN,2023,1670573
35,JAWA TIMUR,3515,KABUPATEN SIDOARJO,2023,2389147
35,JAWA TIMUR,3516,KABUPATEN MOJOKERTO,2023,1154185
35,JAWA TIMUR,3517,KABUPATEN JOMBANG,2023,1283132
35,JAWA TIMUR,3518,KABUPATEN NGANJUK,2023,1064353
35,JAWA TIMUR,3519,KABUPATEN MADIUN,2023,687381
35,JAWA TIMUR,3520,KABUPATEN MAGETAN,2023,637903
35,JAWA TIMUR,3521,KABUPATEN NGAWI,2023,842645
35,JAWA TIMUR,3522,KABUPATEN BOJONEGORO,2023,1259078
35,JAWA TIMUR,3523,KABUPATEN TUBAN,2023,1189785
35,JAWA TIMUR,3524,KABUPATEN LAMONGAN,2023,1207761
35,JAWA TIMUR,3525,KABUPATEN GRESIK,2023,1370060
35,JAWA TIMUR,3526,KABUPATEN BANGKALAN,2023,1018075
35,JAWA TIMUR,3527,KABUPATEN SAMPANG,2023,1021574
35,JAWA TIMUR,3528,KABUPATEN PAMEKASAN,2023,914700
35,JAWA TIMUR,3529,KABUPATEN SUMENEP,2023,1102978
35,JAWA TIMUR,3571,KOTA KEDIRI,2023,294532
35,JAWA TIMUR,3572,KOTA BLITAR,2023,145583
35,JAWA TIMUR,3573,KOTA MALANG,2023,888338
35,JAWA TIMUR,3574,KOTA PROBOLINGGO,2023,245240
35,JAWA TIMUR,3575,KOTA PASURUAN,2023,205749
35,JAWA TIMUR,3576,KOTA MOJOKERTO,2023,132844
35,JAWA TIMUR,3577,KOTA MADIUN,2023,178647
35,JAWA TIMUR,3578,KOTA SURABAYA,2023,2936833
35,JAWA TIMUR,3579,KOTA BATU,2023,214508
35,JAWA TIMUR,3501,KABUPATEN PACITAN,2024,588569
35,JAWA TIMUR,3502,KABUPATEN PONOROGO,2024,962941
35,JAWA TIMUR,3503,KABUPATEN TRENGGALEK,2024,744516
35,JAWA TIMUR,3504,KABUPATEN TULUNGAGUNG,2024,1113847
35,JAWA TIMUR,3505,KABUPATEN BLITAR,2024,1263645
35,JAWA TIMUR,3506,KABUPATEN KEDIRI,2024,1689916
35,JAWA TIMUR,3507,KABUPATEN MALANG,2024,2735993
35,JAWA TIMUR,3508,KABUPATEN LUMAJANG,2024,1145849
35,JAWA TIMUR,3509,KABUPATEN JEMBER,2024,2603817
35,JAWA TIMUR,3510,KABUPATEN BANYUWANGI,2024,1754393
35,JAWA TIMUR,3511,KABUPATEN BONDOWOSO,2024,792309
35,JAWA TIMUR,3512,KABUPATEN SITUBONDO,2024,700719
35,JAWA TIMUR,3513,KABUPATEN PROBOLINGGO,2024,1185242
35,JAWA TIMUR,3514,KABUPATEN PASURUAN,2024,1657216
35,JAWA TIMUR,3515,KABUPATEN SIDOARJO,2024,2171480
35,JAWA TIMUR,3516,KABUPATEN MOJOKERTO,2024,1154257
35,JAWA TIMUR,3517,KABUPATEN JOMBANG,2024,1362697
35,JAWA TIMUR,3518,KABUPATEN NGANJUK,2024,1131777
35,JAWA TIMUR,3519,KABUPATEN MADIUN,2024,757839
35,JAWA TIMUR,3520,KABUPATEN MAGETAN,2024,685500
35,JAWA TIMUR,3521,KABUPATEN NGAWI,2024,884086
35,JAWA TIMUR,3522,KABUPATEN BOJONEGORO,2024,1325299
35,JAWA TIMUR,3523,KABUPATEN TUBAN,2024,1225205
35,JAWA TIMUR,3524,KABUPATEN LAMONGAN,2024,1378147
35,JAWA TIMUR,3525,KABUPATEN GRESIK,2024,1364019
35,JAWA TIMUR,3526,KABUPATEN BANGKALAN,2024,1102522
35,JAWA TIMUR,3527,KABUPATEN SAMPANG,2024,1016254
35,JAWA TIMUR,3528,KABUPATEN PAMEKASAN,2024,884697
35,JAWA TIMUR,3529,KABUPATEN SUMENEP,2024,1153188
35,JAWA TIMUR,3571,KOTA KEDIRI,2024,298227
35,JAWA TIMUR,3572,KOTA BLITAR,2024,154867
35,JAWA TIMUR,3573,KOTA MALANG,2024,872694
35,JAWA TIMUR,3574,KOTA PROBOLINGGO,2024,249539
35,JAWA TIMUR,3575,KOTA PASURUAN,2024,219392
35,JAWA TIMUR,3576,KOTA MOJOKERTO,2024,137393
35,JAWA TIMUR,3577,KOTA MADIUN,2024,201767
35,JAWA TIMUR,3578,KOTA SURABAYA,2024,2921996
35,JAWA TIMUR,3579,KOTA BATU,2024,222685
