kode_provinsi,nama_provinsi,kode_kabupaten_kota,nama_kabupaten_kota,tahun,JUMLAH_PENYAKIT_MENULAR
35,JAWA TIMUR,3501,KABUPATEN PACITAN,2018,292
35,JAWA TIMUR,3502,KABUPATEN PONOROGO,2018,479
35,JAWA TIMUR,3503,KABUPATEN TRENGGALEK,2018,285
35,JAWA TIMUR,3504,KABUPATEN TULUNGAGUNG,2018,507
35,JAWA TIMUR,3505,KABUPATEN BLITAR,2018,392
35,JAWA TIMUR,3506,KABUPATEN KEDIRI,2018,516
35,JAWA TIMUR,3507,KABUPATEN MALANG,2018,803
35,JAWA TIMUR,3508,KABUPATEN LUMAJANG,2018,222
35,JAWA TIMUR,3509,KABUPATEN JEMBER,2018,611
35,JAWA TIMUR,3510,KABUPATEN BANYUWANGI,2018,74
35,JAWA TIMUR,3511,KABUPATEN BONDOWOSO,2018,304
35,JAWA TIMUR,3512,KABUPATEN SITUBONDO,2018,238
35,JAWA TIMUR,3513,KABUPATEN PROBOLINGGO,2018,283
35,JAWA TIMUR,3514,KABUPATEN PASURUAN,2018,449
35,JAWA TIMUR,3515,KABUPATEN SIDOARJO,2018,372
35,JAWA TIMUR,3516,KABUPATEN MOJOKERTO,2018,473
35,JAWA TIMUR,3517,KABUPATEN JOMBANG,2018,612
35,JAWA TIMUR,3518,KABUPATEN NGANJUK,2018,282
35,JAWA TIMUR,3519,KABUPATEN MADIUN,2018,138
35,JAWA TIMUR,3520,KABUPATEN MAGETAN,2018,186
35,JAWA TIMUR,3521,KABUPATEN NGAWI,2018,874
35,JAWA TIMUR,3522,KABUPATEN BOJONEGORO,2018,658
35,JAWA TIMUR,3523,KABUPATEN TUBAN,2018,348
35,JAWA TIMUR,3524,KABUPATEN LAMONGAN,2018,245
35,JAWA TIMUR,3525,KABUPATEN GRESIK,2018,296
35,JAWA TIMUR,3526,KABUPATEN BANGKALAN,2018,341
35,JAWA TIMUR,3527,KABUPATEN SAMPANG,2018,546
35,JAWA TIMUR,3528,KABUPATEN PAMEKASAN,2018,374
35,JAWA TIMUR,3529,KABUPATEN SUMENEP,2018,680
35,JAWA TIMUR,3571,KOTA KEDIRI,2018,81
35,JAWA TIMUR,3572,KOTA BLITAR,2018,147
35,JAWA TIMUR,3573,KOTA MALANG,2018,246
35,JAWA TIMUR,3574,KOTA PROBOLINGGO,2018,64
35,JAWA TIMUR,3575,KOTA PASURUAN,2018,60
35,JAWA TIMUR,3576,KOTA MOJOKERTO,2018,31
35,JAWA TIMUR,3577,KOTA MADIUN,2018,99
35,JAWA TIMUR,3578,KOTA SURABAYA,2018,656
35,JAWA TIMUR,3579,KOTA BATU,2018,80
35,JAWA TIMUR,3501,KABUPATEN PACITAN,2019,670
35,JAWA TIMUR,3502,KABUPATEN PONOROGO,2019,1842
35,JAWA TIMUR,3503,KABUPATEN TRENGGALEK,2019,613
35,JAWA TIMUR,3504,KABUPATEN TULUNGAGUNG,2019,1288
35,JAWA TIMUR,3505,KABUPATEN BLITAR,2019,856
35,JAWA TIMUR,3506,KABUPATEN KEDIRI,2019,1668
35,JAWA TIMUR,3507,KABUPATEN MALANG,2019,1970
35,JAWA TIMUR,3508,KABUPATEN LUMAJANG,2019,1097
35,JAWA TIMUR,3509,KABUPATEN JEMBER,2019,2083
35,JAWA TIMUR,3510,KABUPATEN BANYUWANGI,2019,789
35,JAWA TIMUR,3511,KABUPATEN BONDOWOSO,2019,541
35,JAWA TIMUR,3512,KABUPATEN SITUBONDO,2019,831
35,JAWA TIMUR,3513,KABUPATEN PROBOLINGGO,2019,649
35,JAWA TIMUR,3514,KABUPATEN PASURUAN,2019,819
35,JAWA TIMUR,3515,KABUPATEN SIDOARJO,2019,935
35,JAWA TIMUR,3516,KABUPATEN MOJOKERTO,2019,456
35,JAWA TIMUR,3517,KABUPATEN JOMBANG,2019,645
35,JAWA TIMUR,3518,KABUPATEN NGANJUK,2019,554
35,JAWA TIMUR,3519,KABUPATEN MADIUN,2019,434
35,JAWA TIMUR,3520,KABUPATEN MAGETAN,2019,568
35,JAWA TIMUR,3521,KABUPATEN NGAWI,2019,1519
35,JAWA TIMUR,3522,KABUPATEN BOJONEGORO,2019,691
35,JAWA TIMUR,3523,KABUPATEN TUBAN,2019,690
35,JAWA TIMUR,3524,KABUPATEN LAMONGAN,2019,631
35,JAWA TIMUR,3525,KABUPATEN GRESIK,2019,651
35,JAWA TIMUR,3526,KABUPATEN BANGKALAN,2019,398
35,JAWA TIMUR,3527,KABUPATEN SAMPANG,2019,592
35,JAWA TIMUR,3528,KABUPATEN PAMEKASAN,2019,604
35,JAWA TIMUR,3529,KABUPATEN SUMENEP,2019,752
35,JAWA TIMUR,3571,KOTA KEDIRI,2019,457
35,JAWA TIMUR,3572,KOTA BLITAR,2019,379
35,JAWA TIMUR,3573,KOTA MALANG,2019,1104
35,JAWA TIMUR,3574,KOTA PROBOLINGGO,2019,428
35,JAWA TIMUR,3575,KOTA PASURUAN,2019,188
35,JAWA TIMUR,3576,KOTA MOJOKERTO,2019,102
35,JAWA TIMUR,3577,KOTA MADIUN,2019,402
35,JAWA TIMUR,3578,KOTA SURABAYA,2019,1817
35,JAWA TIMUR,3579,KOTA BATU,2019,90
35,JAWA TIMUR,3501,KABUPATEN PACITAN,2020,1503
35,JAWA TIMUR,3502,KABUPATEN PONOROGO,2020,1538
35,JAWA TIMUR,3503,KABUPATEN TRENGGALEK,2020,1448
35,JAWA TIMUR,3504,KABUPATEN TULUNGAGUNG,2020,1878
35,JAWA TIMUR,3505,KABUPATEN BLITAR,2020,2123
35,JAWA TIMUR,3506,KABUPATEN KEDIRI,2020,2946
35,JAWA TIMUR,3507,KABUPATEN MALANG,2020,3182
35,JAWA TIMUR,3508,KABUPATEN LUMAJANG,2020,3457
35,JAWA TIMUR,3509,KABUPATEN JEMBER,2020,6227
35,JAWA TIMUR,3510,KABUPATEN BANYUWANGI,2020,4861
35,JAWA TIMUR,3511,KABUPATEN BONDOWOSO,2020,1944
35,JAWA TIMUR,3512,KABUPATEN SITUBONDO,2020,2355
35,JAWA TIMUR,3513,KABUPATEN PROBOLINGGO,2020,2619
35,JAWA TIMUR,3514,KABUPATEN PASURUAN,2020,2670
35,JAWA TIMUR,3515,KABUPATEN SIDOARJO,2020,8567
35,JAWA TIMUR,3516,KABUPATEN MOJOKERTO,2020,1666
35,JAWA TIMUR,3517,KABUPATEN JOMBANG,2020,2693
35,JAWA TIMUR,3518,KABUPATEN NGANJUK,2020,1311
35,JAWA TIMUR,3519,KABUPATEN MADIUN,2020,587
35,JAWA TIMUR,3520,KABUPATEN MAGETAN,2020,1315
35,JAWA TIMUR,3521,KABUPATEN NGAWI,2020,979
35,JAWA TIMUR,3522,KABUPATEN BOJONEGORO,2020,1588
35,JAWA TIMUR,3523,KABUPATEN TUBAN,2020,1948
35,JAWA TIMUR,3524,KABUPATEN LAMONGAN,2020,2075
35,JAWA TIMUR,3525,KABUPATEN GRESIK,2020,4387
35,JAWA TIMUR,3526,KABUPATEN BANGKALAN,2020,1244
35,JAWA TIMUR,3527,KABUPATEN SAMPANG,2020,1018
35,JAWA TIMUR,3528,KABUPATEN PAMEKASAN,2020,1156
35,JAWA TIMUR,3529,KABUPATEN SUMENEP,2020,1580
35,JAWA TIMUR,3571,KOTA KEDIRI,2020,1115
35,JAWA TIMUR,3572,KOTA BLITAR,2020,871
35,JAWA TIMUR,3573,KOTA MALANG,2020,4439
35,JAWA TIMUR,3574,KOTA PROBOLINGGO,2020,1659
35,JAWA TIMUR,3575,KOTA PASURUAN,2020,1097
35,JAWA TIMUR,3576,KOTA MOJOKERTO,2020,1103
35,JAWA TIMUR,3577,KOTA MADIUN,2020,582
35,JAWA TIMUR,3578,KOTA SURABAYA,2020,19070
35,JAWA TIMUR,3579,KOTA BATU,2020,1123
35,JAWA TIMUR,3501,KABUPATEN PACITAN,2021,7600
35,JAWA TIMUR,3502,KABUPATEN PONOROGO,2021,11496
35,JAWA TIMUR,3503,KABUPATEN TRENGGALEK,2021,7331
35,JAWA TIMUR,3504,KABUPATEN TULUNGAGUNG,2021,7423
35,JAWA TIMUR,3505,KABUPATEN BLITAR,2021,9261
35,JAWA TIMUR,3506,KABUPATEN KEDIRI,2021,12133
35,JAWA TIMUR,3507,KABUPATEN MALANG,2021,13586
35,JAWA TIMUR,3508,KABUPATEN LUMAJANG,2021,6813
35,JAWA TIMUR,3509,KABUPATEN JEMBER,2021,12929
35,JAWA TIMUR,3510,KABUPATEN BANYUWANGI,2021,10192
35,JAWA TIMUR,3511,KABUPATEN BONDOWOSO,2021,5196
35,JAWA TIMUR,3512,KABUPATEN SITUBONDO,2021,6094
35,JAWA TIMUR,3513,KABUPATEN PROBOLINGGO,2021,5335
35,JAWA TIMUR,3514,KABUPATEN PASURUAN,2021,6815
35,JAWA TIMUR,3515,KABUPATEN SIDOARJO,2021,18097
35,JAWA TIMUR,3516,KABUPATEN MOJOKERTO,2021,6748
35,JAWA TIMUR,3517,KABUPATEN JOMBANG,2021,10360
35,JAWA TIMUR,3518,KABUPATEN NGANJUK,2021,12055
35,JAWA TIMUR,3519,KABUPATEN MADIUN,2021,8677
35,JAWA TIMUR,3520,KABUPATEN MAGETAN,2021,9898
35,JAWA TIMUR,3521,KABUPATEN NGAWI,2021,7895
35,JAWA TIMUR,3522,KABUPATEN BOJONEGORO,2021,6405
35,JAWA TIMUR,3523,KABUPATEN TUBAN,2021,6156
35,JAWA TIMUR,3524,KABUPATEN LAMONGAN,2021,5336
35,JAWA TIMUR,3525,KABUPATEN GRESIK,2021,9656
35,JAWA TIMUR,3526,KABUPATEN BANGKALAN,2021,5490
35,JAWA TIMUR,3527,KABUPATEN SAMPANG,2021,2907
35,JAWA TIMUR,3528,KABUPATEN PAMEKASAN,2021,2190
35,JAWA TIMUR,3529,KABUPATEN SUMENEP,2021,4313
35,JAWA TIMUR,3571,KOTA KEDIRI,2021,3642
35,JAWA TIMUR,3572,KOTA BLITAR,2021,6468
35,JAWA TIMUR,3573,KOTA MALANG,2021,12515
35,JAWA TIMUR,3574,KOTA PROBOLINGGO,2021,3471
35,JAWA TIMUR,3575,KOTA PASURUAN,2021,3089
35,JAWA TIMUR,3576,KOTA MOJOKERTO,2021,3491
35,JAWA TIMUR,3577,KOTA MADIUN,2021,7004
35,JAWA TIMUR,3578,KOTA SURABAYA,2021,49775
35,JAWA TIMUR,3579,KOTA BATU,2021,2119
35,JAWA TIMUR,3501,KABUPATEN PACITAN,2022,2235
35,JAWA TIMUR,3502,KABUPATEN PONOROGO,2022,3116
35,JAWA TIMUR,3503,KABUPATEN TRENGGALEK,2022,2313
35,JAWA TIMUR,3504,KABUPATEN TULUNGAGUNG,2022,3424
35,JAWA TIMUR,3505,KABUPATEN BLITAR,2022,3279
35,JAWA TIMUR,3506,KABUPATEN KEDIRI,2022,9069
35,JAWA TIMUR,3507,KABUPATEN MALANG,2022,15346
35,JAWA TIMUR,3508,KABUPATEN LUMAJANG,2022,3845
35,JAWA TIMUR,3509,KABUPATEN JEMBER,2022,7706
35,JAWA TIMUR,3510,KABUPATEN BANYUWANGI,2022,7622
35,JAWA TIMUR,3511,KABUPATEN BONDOWOSO,2022,2654
35,JAWA TIMUR,3512,KABUPATEN SITUBONDO,2022,2501
35,JAWA TIMUR,3513,KABUPATEN PROBOLINGGO,2022,2693
35,JAWA TIMUR,3514,KABUPATEN PASURUAN,2022,5343
35,JAWA TIMUR,3515,KABUPATEN SIDOARJO,2022,26020
35,JAWA TIMUR,3516,KABUPATEN MOJOKERTO,2022,4266
35,JAWA TIMUR,3517,KABUPATEN JOMBANG,2022,5798
35,JAWA TIMUR,3518,KABUPATEN NGANJUK,2022,5501
35,JAWA TIMUR,3519,KABUPATEN MADIUN,2022,3187
35,JAWA TIMUR,3520,KABUPATEN MAGETAN,2022,3459
35,JAWA TIMUR,3521,KABUPATEN NGAWI,2022,3719
35,JAWA TIMUR,3522,KABUPATEN BOJONEGORO,2022,3838
35,JAWA TIMUR,3523,KABUPATEN TUBAN,2022,3092
35,JAWA TIMUR,3524,KABUPATEN LAMONGAN,2022,3495
35,JAWA TIMUR,3525,KABUPATEN GRESIK,2022,10013
35,JAWA TIMUR,3526,KABUPATEN BANGKALAN,2022,2117
35,JAWA TIMUR,3527,KABUPATEN SAMPANG,2022,1637
35,JAWA TIMUR,3528,KABUPATEN PAMEKASAN,2022,1307
35,JAWA TIMUR,3529,KABUPATEN SUMENEP,2022,1953
35,JAWA TIMUR,3571,KOTA KEDIRI,2022,2569
35,JAWA TIMUR,3572,KOTA BLITAR,2022,1207
35,JAWA TIMUR,3573,KOTA MALANG,2022,17493
35,JAWA TIMUR,3574,KOTA PROBOLINGGO,2022,1549
35,JAWA TIMUR,3575,KOTA PASURUAN,2022,1525
35,JAWA TIMUR,3576,KOTA MOJOKERTO,2022,1238
35,JAWA TIMUR,3577,KOTA MADIUN,2022,3860
35,JAWA TIMUR,3578,KOTA SURABAYA,2022,78934
35,JAWA TIMUR,3579,KOTA BATU,2022,2466
35,JAWA TIMUR,3501,KABUPATEN PACITAN,2023,322
35,JAWA TIMUR,3502,KABUPATEN PONOROGO,2023,414
35,JAWA TIMUR,3503,KABUPATEN TRENGGALEK,2023,379
35,JAWA TIMUR,3504,KABUPATEN TULUNGAGUNG,2023,734
35,JAWA TIMUR,3505,KABUPATEN BLITAR,2023,755
35,JAWA TIMUR,3506,KABUPATEN KEDIRI,2023,982
35,JAWA TIMUR,3507,KABUPATEN MALANG,2023,2007
35,JAWA TIMUR,3508,KABUPATEN LUMAJANG,2023,893
35,JAWA TIMUR,3509,KABUPATEN JEMBER,2023,1755
35,JAWA TIMUR,3510,KABUPATEN BANYUWANGI,2023,1049
35,JAWA TIMUR,3511,KABUPATEN BONDOWOSO,2023,502
35,JAWA TIMUR,3512,KABUPATEN SITUBONDO,2023,838
35,JAWA TIMUR,3513,KABUPATEN PROBOLINGGO,2023,1245
35,JAWA TIMUR,3514,KABUPATEN PASURUAN,2023,1201
35,JAWA TIMUR,3515,KABUPATEN SIDOARJO,2023,1665
35,JAWA TIMUR,3516,KABUPATEN MOJOKERTO,2023,704
35,JAWA TIMUR,3517,KABUPATEN JOMBANG,2023,822
35,JAWA TIMUR,3518,KABUPATEN NGANJUK,2023,921
35,JAWA TIMUR,3519,KABUPATEN MADIUN,2023,488
35,JAWA TIMUR,3520,KABUPATEN MAGETAN,2023,424
35,JAWA TIMUR,3521,KABUPATEN NGAWI,2023,639
35,JAWA TIMUR,3522,KABUPATEN BOJONEGORO,2023,740
35,JAWA TIMUR,3523,KABUPATEN TUBAN,2023,607
35,JAWA TIMUR,3524,KABUPATEN LAMONGAN,2023,769
35,JAWA TIMUR,3525,KABUPATEN GRESIK,2023,933
35,JAWA TIMUR,3526,KABUPATEN BANGKALAN,2023,456
35,JAWA TIMUR,3527,KABUPATEN SAMPANG,2023,661
35,JAWA TIMUR,3528,KABUPATEN PAMEKASAN,2023,602
35,JAWA TIMUR,3529,KABUPATEN SUMENEP,2023,741
35,JAWA TIMUR,3571,KOTA KEDIRI,2023,335
35,JAWA TIMUR,3572,KOTA BLITAR,2023,301
35,JAWA TIMUR,3573,KOTA MALANG,2023,1400
35,JAWA TIMUR,3574,KOTA PROBOLINGGO,2023,390
35,JAWA TIMUR,3575,KOTA PASURUAN,2023,204
35,JAWA TIMUR,3576,KOTA MOJOKERTO,2023,139
35,JAWA TIMUR,3577,KOTA MADIUN,2023,339
35,JAWA TIMUR,3578,KOTA SURABAYA,2023,5675
35,JAWA TIMUR,3579,KOTA BATU,2023,285
35,JAWA TIMUR,3501,KABUPATEN PACITAN,2024,553
35,JAWA TIMUR,3502,KABUPATEN PONOROGO,2024,632
35,JAWA TIMUR,3503,KABUPATEN TRENGGALEK,2024,1166
35,JAWA TIMUR,3504,KABUPATEN TULUNGAGUNG,2024,1832
35,JAWA TIMUR,3505,KABUPATEN BLITAR,2024,1590
35,JAWA TIMUR,3506,KABUPATEN KEDIRI,2024,837
35,JAWA TIMUR,3507,KABUPATEN MALANG,2024,4666
35,JAWA TIMUR,3508,KABUPATEN LUMAJANG,2024,1350
35,JAWA TIMUR,3509,KABUPATEN JEMBER,2024,2462
35,JAWA TIMUR,3510,KABUPATEN BANYUWANGI,2024,1075
35,JAWA TIMUR,3511,KABUPATEN BONDOWOSO,2024,1186
35,JAWA TIMUR,3512,KABUPATEN SITUBONDO,2024,1396
35,JAWA TIMUR,3513,KABUPATEN PROBOLINGGO,2024,3232
35,JAWA TIMUR,3514,KABUPATEN PASURUAN,2024,1915
35,JAWA TIMUR,3515,KABUPATEN SIDOARJO,2024,1133
35,JAWA TIMUR,3516,KABUPATEN MOJOKERTO,2024,542
35,JAWA TIMUR,3517,KABUPATEN JOMBANG,2024,720
35,JAWA TIMUR,3518,KABUPATEN NGANJUK,2024,1740
35,JAWA TIMUR,3519,KABUPATEN MADIUN,2024,518
35,JAWA TIMUR,3520,KABUPATEN MAGETAN,2024,727
35,JAWA TIMUR,3521,KABUPATEN NGAWI,2024,843
35,JAWA TIMUR,3522,KABUPATEN BOJONEGORO,2024,1017
35,JAWA TIMUR,3523,KABUPATEN TUBAN,2024,1245
35,JAWA TIMUR,3524,KABUPATEN LAMONGAN,2024,1232
35,JAWA TIMUR,3525,KABUPATEN GRESIK,2024,875
35,JAWA TIMUR,3526,KABUPATEN BANGKALAN,2024,536
35,JAWA TIMUR,3527,KABUPATEN SAMPANG,2024,1170
35,JAWA TIMUR,3528,KABUPATEN PAMEKASAN,2024,1254
35,JAWA TIMUR,3529,KABUPATEN SUMENEP,2024,1941
35,JAWA TIMUR,3571,KOTA KEDIRI,2024,550
35,JAWA TIMUR,3572,KOTA BLITAR,2024,225
35,JAWA TIMUR,3573,KOTA MALANG,2024,1342
35,JAWA TIMUR,3574,KOTA PROBOLINGGO,2024,610
35,JAWA TIMUR,3575,KOTA PASURUAN,2024,287
35,JAWA TIMUR,3576,KOTA MOJOKERTO,2024,129
35,JAWA TIMUR,3577,KOTA MADIUN,2024,756
35,JAWA TIMUR,3578,KOTA SURABAYA,2024,2299
35,JAWA TIMUR,3579,KOTA BATU,2024,511
