kode_provinsi,nama_provinsi,kode_kabupaten_kota,nama_kabupaten_kota,tahun,pelayanan_non_rawat_inap,pelayanan_rawat_inap,jumlah_bidan,jumlah_dokter,jumlah_perawat,jumlah_penyakit_tidak_menular,jumlah_penyakit_menular,jumlah_penduduk,cluster,sub_cluster
35,JAWA TIMUR,3501,KABUPATEN PACITAN,2018,0.2307692307692307,-0.1538461538461538,-0.6397156819191471,-0.2921083627797409,-0.7105729474305966,-0.2904665348699905,-0.355130982863896,-0.8411766191665281,1,1
35,JAWA TIMUR,3502,KABUPATEN PONOROGO,2018,0.4615384615384615,0.1538461538461538,-0.3340737450022212,-0.3486454652532391,-0.2722976963969285,-0.2588747870516106,-0.2814654323419342,-0.2901779143081357,1,1
35,JAWA TIMUR,3503,KABUPATEN TRENGGALEK,2018,-0.2307692307692307,0.1538461538461538,-0.5739671257219013,0.1130742049469964,-0.5062020082693444,-0.2944627077876053,-0.3578885168406539,-0.5964183716751572,1,1
35,JAWA TIMUR,3504,KABUPATEN TULUNGAGUNG,2018,0.6153846153846154,0.0769230769230769,-0.1741448245224344,0.2826855123674912,-0.1447135262847017,0.1252481755836089,-0.2704352964349025,-0.0034786789381406,1,1
35,JAWA TIMUR,3505,KABUPATEN BLITAR,2018,0.0,0.0769230769230769,-0.2967569968902709,0.1413427561837456,-0.4530419373892498,-0.1548615641719707,-0.3157376403387827,0.2094053235807225,1,1
35,JAWA TIMUR,3506,KABUPATEN KEDIRI,2018,1.7692307692307692,-0.6923076923076923,0.0035539760106619,0.833922261484099,-0.2829297105729474,-0.278545652330138,-0.2668898956076423,0.924673623443892,1,1
35,JAWA TIMUR,3507,KABUPATEN MALANG,2018,-0.4615384615384615,1.6923076923076923,-0.2381163927143491,-0.160188457008245,0.0832841110454813,1.151306435726575,-0.1538310025605672,2.707878937792267,1,1
35,JAWA TIMUR,3508,KABUPATEN LUMAJANG,2018,-0.2307692307692307,0.3846153846153846,-0.5171035095513106,-0.4617196702002356,-0.2722976963969285,-0.1599230074442107,-0.3827063226314753,0.0043670746609507,1,1
35,JAWA TIMUR,3509,KABUPATEN JEMBER,2018,2.076923076923077,0.0,0.6272767658818303,-0.2497055359246172,0.932663910218547,-0.0605597742077756,-0.2294662202087847,2.4447030276003647,1,1
35,JAWA TIMUR,3510,KABUPATEN BANYUWANGI,2018,1.5384615384615383,0.1538461538461538,0.4371390493114171,0.0188457008244994,0.1435321913762551,0.4644381473877626,-0.4410084695686429,0.9970761329005162,1,1
35,JAWA TIMUR,3511,KABUPATEN BONDOWOSO,2018,-0.4615384615384615,0.6153846153846154,0.0124389160373167,-0.2779740871613663,-0.3278204370939161,-0.0004762716664858,-0.3504037817608824,-0.461599965857733,1,1
35,JAWA TIMUR,3512,KABUPATEN SITUBONDO,2018,-0.3846153846153846,-0.0769230769230769,-0.6645935139937805,-0.5465253239104829,-0.8050797401063201,-0.1197189151715071,-0.3764033878274571,-0.622389139971972,1,1
35,JAWA TIMUR,3513,KABUPATEN PROBOLINGGO,2018,0.5384615384615384,0.2307692307692307,0.195468680586406,-0.5700824499411072,-0.1978735971647962,-0.265858226043042,-0.3586763836911562,0.2174043689908086,1,1
35,JAWA TIMUR,3514,KABUPATEN PASURUAN,2018,0.7692307692307693,0.0,-0.0639715681919147,-0.381625441696113,-0.4530419373892498,1.1388162817273726,-0.2932834350994682,1.009097346396815,1,1
35,JAWA TIMUR,3515,KABUPATEN SIDOARJO,2018,0.4615384615384615,-0.2307692307692307,0.5721901377165705,3.458186101295642,2.2959243945658594,0.5734057228690718,-0.3236163088438054,2.054662466238785,1,1
35,JAWA TIMUR,3516,KABUPATEN MOJOKERTO,2018,0.3076923076923077,0.0,-0.1261661483784984,-0.3156654888103651,-0.0525694034258712,-0.2625271425531825,-0.283829032893441,0.1244294017177392,1,1
35,JAWA TIMUR,3517,KABUPATEN JOMBANG,2018,0.6153846153846154,0.2307692307692307,1.0199911150599734,0.2073027090694935,0.4873006497341996,-0.2221201416415027,-0.2290722867835335,0.3855480661279969,1,1
35,JAWA TIMUR,3518,KABUPATEN NGANJUK,2018,0.0,-0.2307692307692307,-0.0746334962239004,0.2120141342756183,-0.4093325457767277,-0.1010795021411088,-0.3590703171164073,0.0254551503871053,1,1
35,JAWA TIMUR,3519,KABUPATEN MADIUN,2018,0.8461538461538461,-0.6153846153846154,-0.5970679697912039,-0.5135453474676089,-0.6077968103957472,-0.012143518407618,-0.4157967303525704,-0.6199486646628407,1,1
35,JAWA TIMUR,3520,KABUPATEN MAGETAN,2018,-0.0769230769230769,0.0,-0.2932030208796091,0.0424028268551236,-0.4105138806851742,0.0708010241249917,-0.396887925940516,-0.7113489069684192,1,1
35,JAWA TIMUR,3521,KABUPATEN NGAWI,2018,0.7692307692307693,-0.6923076923076923,-0.0710795202132385,0.0471142520612485,-0.1754282339043118,0.3732250778168721,-0.1258617293677368,-0.3609273109393739,1,1
35,JAWA TIMUR,3522,KABUPATEN BOJONEGORO,2018,0.3076923076923077,0.6923076923076923,0.3376277210128832,-0.0141342756183745,-0.1340815121086828,0.4715850405605915,-0.2109513492219815,0.365182900646874,1,1
35,JAWA TIMUR,3523,KABUPATEN TUBAN,2018,1.5384615384615383,-0.7692307692307693,-0.3909373611728121,0.0,-0.3065564087418783,-0.068591574500584,-0.3330707110498326,0.2281783445703779,1,1
35,JAWA TIMUR,3524,KABUPATEN LAMONGAN,2018,-0.3846153846153846,1.1538461538461535,0.5028876055086628,-0.0141342756183745,0.8842291789722386,0.0633046771850371,-0.3736458538506992,0.2641252742486306,1,1
35,JAWA TIMUR,3525,KABUPATEN GRESIK,2018,0.7692307692307693,-0.0769230769230769,0.1332741003998223,0.0235571260306242,0.0041346721795629,0.0005100897729818,-0.3535552491628915,0.4559333947081228,1,1
35,JAWA TIMUR,3526,KABUPATEN BANGKALAN,2018,-0.4615384615384615,0.3846153846153846,0.3411816970235451,-0.3439340400471142,-0.3845245126993503,-0.2162245184090271,-0.3358282450265905,-0.1017213102617544,1,1
35,JAWA TIMUR,3527,KABUPATEN SAMPANG,2018,-0.2307692307692307,0.0769230769230769,-0.2629942247889826,-0.508833922261484,-0.4282339043118724,-0.364206916084596,-0.2550718928501083,-0.1197888405303548,1,1
35,JAWA TIMUR,3528,KABUPATEN PAMEKASAN,2018,-0.4615384615384615,0.2307692307692307,-0.0657485561972456,-0.4428739693757361,-0.219137625516834,-0.0290751170599665,-0.3228284419933031,-0.2887982880091835,1,1
35,JAWA TIMUR,3529,KABUPATEN SUMENEP,2018,-0.4615384615384615,1.0,-0.0621945801865837,-0.6030624263839811,-0.1896042528056704,-0.1909229383989099,-0.2022848138664565,0.0835091979441477,1,1
35,JAWA TIMUR,3571,KOTA KEDIRI,2018,-0.0769230769230769,-1.0,-0.6006219458018658,-0.2025912838633686,0.0124040165386887,-0.4439894656598265,-0.438250935591885,-1.3094343270881437,1,1
35,JAWA TIMUR,3572,KOTA BLITAR,2018,-0.3846153846153846,-1.1538461538461535,-0.980897378942692,-0.3580683156654888,-0.7885410513880685,-0.4257276881519673,-0.4122513295253102,-1.5613398052671414,1,1
35,JAWA TIMUR,3573,KOTA MALANG,2018,0.3076923076923077,-0.8461538461538461,-0.0373167481119502,2.24263839811543,2.018310691080921,-0.1664893564555242,-0.3732519204254481,-0.2981682499562334,1,1
35,JAWA TIMUR,3574,KOTA PROBOLINGGO,2018,-0.1538461538461538,-1.1538461538461535,-0.9684584629053754,-0.2073027090694935,-0.6692262256349675,-0.3902468580865433,-0.4449478038211542,-1.3971782113110196,1,1
35,JAWA TIMUR,3575,KOTA PASURUAN,2018,0.1538461538461538,-1.3076923076923077,-0.8973789426921368,-0.4711425206124853,-0.9232132309509746,-0.3605601969341068,-0.4465235375221587,-1.4601201772959151,1,1
35,JAWA TIMUR,3576,KOTA MOJOKERTO,2018,-0.2307692307692307,-1.1538461538461535,-1.0697467792092403,-0.6266195524146054,-1.0992321323095098,-0.2534751627144103,-0.4579476068544416,-1.5834434392411358,1,1
35,JAWA TIMUR,3577,KOTA MADIUN,2018,-0.1538461538461538,-1.1538461538461535,-0.788982674366948,0.414605418138987,-0.2002362669816893,-0.3748032561200204,-0.4311601339373646,-1.4991068139080963,1,1
35,JAWA TIMUR,3578,KOTA SURABAYA,2018,2.6923076923076925,0.3846153846153846,0.989782318969347,2.746760895170789,6.676314235085647,2.234934385827959,-0.2117392160724837,3.219594874130874,1,1
35,JAWA TIMUR,3579,KOTA BATU,2018,-0.3076923076923077,-1.0769230769230769,-1.1017325633051978,-0.508833922261484,-1.0767867690490254,-0.447613639405985,-0.4386448690171361,-1.448431676707571,1,1
35,JAWA TIMUR,3501,KABUPATEN PACITAN,2019,0.2307692307692307,-0.1538461538461538,-0.6414926699244781,-0.4899882214369846,-0.7046662728883638,-0.3574545674875542,-0.2062241481189679,-0.8395914424846512,1,1
35,JAWA TIMUR,3502,KABUPATEN PONOROGO,2019,0.4615384615384615,0.1538461538461538,-0.2523322967569968,-0.447585394581861,-0.0029533372711163,-0.1748198833557143,0.2554658262753594,-0.2890195159636872,1,1
35,JAWA TIMUR,3503,KABUPATEN TRENGGALEK,2019,-0.2307692307692307,0.1538461538461538,-0.5544202576632608,-0.2732626619552414,-0.3585351447135262,-0.1126903853714144,-0.2286783533582824,-0.5939918319852073,1,1
35,JAWA TIMUR,3504,KABUPATEN TULUNGAGUNG,2019,0.6153846153846154,0.0769230769230769,-0.1279431363838294,0.1366313309776207,0.5168340224453633,-0.1220185464132375,0.037226708686232,0.0034786789381406,1,1
35,JAWA TIMUR,3505,KABUPATEN BLITAR,2019,0.0,0.0769230769230769,-0.4975566414926699,-0.1366313309776207,-0.4140578854105138,0.696007631619366,-0.1329525310222572,0.21493950634811,1,1
35,JAWA TIMUR,3506,KABUPATEN KEDIRI,2019,1.7692307692307692,-0.6923076923076923,-0.0533096401599289,-0.0376914016489988,-0.2002362669816893,0.0930307927950524,0.1869214102816624,0.935402308261122,1,1
35,JAWA TIMUR,3507,KABUPATEN MALANG,2019,-0.4615384615384615,1.6923076923076923,0.4335850733007552,0.6643109540636042,1.7017129356172476,0.7705596473898763,0.3058893047075044,2.7329787298902484,1,1
35,JAWA TIMUR,3508,KABUPATEN LUMAJANG,2019,-0.2307692307692307,0.3846153846153846,-0.29498000888494,-0.3863368669022379,-0.0572947430596574,0.3175830199287283,-0.0380145755367342,0.0088978928472821,1,1
35,JAWA TIMUR,3509,KABUPATEN JEMBER,2019,2.076923076923077,0.0,0.6361617059084851,-0.1130742049469964,0.9669226225634968,1.6913083239041875,0.3504037817608824,2.4620424217667405,1,1
35,JAWA TIMUR,3510,KABUPATEN BANYUWANGI,2019,1.5384615384615383,0.1538461538461538,0.3642825410928476,0.4946996466431095,0.5581807442409923,1.5757518540072342,-0.1593460705140831,1.0045909155440509,1,1
35,JAWA TIMUR,3511,KABUPATEN BONDOWOSO,2019,-0.4615384615384615,0.6153846153846154,-0.1848067525544202,0.4617196702002356,-0.1896042528056704,-0.0339392880443129,-0.257041559976364,-0.4556459725625078,1,1
35,JAWA TIMUR,3512,KABUPATEN SITUBONDO,2019,-0.3076923076923077,0.0769230769230769,-0.6699244780097734,-0.4758539458186101,-0.7956290608387477,0.2394011940609768,-0.1428008666535355,-0.6171894120649365,1,1
35,JAWA TIMUR,3513,KABUPATEN PROBOLINGGO,2019,0.5384615384615384,0.2307692307692307,-0.0568636161705908,-0.4758539458186101,-0.3030124040165387,0.0171655072222793,-0.2144967500492416,0.2285720258122506,1,1
35,JAWA TIMUR,3514,KABUPATEN PASURUAN,2019,0.7692307692307693,0.0,0.0017769880053309,-0.1790341578327444,-0.219137625516834,1.8827751701825757,-0.1475280677565491,1.0279417874347747,1,1
35,JAWA TIMUR,3515,KABUPATEN SIDOARJO,2019,0.4615384615384615,-0.2307692307692307,0.5579742336739227,1.2061248527679622,1.932073242764324,1.7560699978440957,-0.1018317904274177,2.111575534975356,1,1
35,JAWA TIMUR,3516,KABUPATEN MOJOKERTO,2019,0.3076923076923077,0.0,-0.1794757885384273,0.9045936395759716,0.3987005316007088,0.0810422740422078,-0.2905259011227102,0.1400547147248107,1,1
35,JAWA TIMUR,3517,KABUPATEN JOMBANG,2019,0.6153846153846154,0.2307692307692307,0.8707241226121724,0.1696113074204947,0.5215593620791494,0.2861659989939113,-0.2160724837502462,0.3945992507862738,1,1
35,JAWA TIMUR,3518,KABUPATEN NGANJUK,2019,0.0,-0.2307692307692307,0.0390937361172812,-0.0188457008244994,-0.0761961015948021,-0.2621213252752301,-0.2519204254480993,0.0301775833371801,1,1
35,JAWA TIMUR,3519,KABUPATEN MADIUN,2019,0.8461538461538461,-0.6153846153846154,-0.5384273656152821,-0.5276796230859835,-0.5392793857058477,-0.3251526394327576,-0.2991924364782352,-0.6177015460698505,1,1
35,JAWA TIMUR,3520,KABUPATEN MAGETAN,2019,-0.0769230769230769,0.0,-0.2825410928476233,-0.541813898704358,-0.600708800945068,0.1609713687455878,-0.2464053574945834,-0.7112565834913429,1,1
35,JAWA TIMUR,3521,KABUPATEN NGAWI,2019,0.7692307692307693,-0.6923076923076923,-0.0319857840959573,-0.1978798586572438,-0.125812167749557,0.110182209139625,0.1282253299192436,-0.360895955796216,1,1
35,JAWA TIMUR,3522,KABUPATEN BOJONEGORO,2019,0.3076923076923077,0.6923076923076923,0.5561972456685917,0.0518256772673733,-0.0124040165386887,0.8451003904582213,-0.1979515461886941,0.3699993990264228,1,1
35,JAWA TIMUR,3523,KABUPATEN TUBAN,2019,1.5384615384615383,-0.7692307692307693,-0.3838294091514882,-0.4852767962308598,-0.4258712344949793,0.0592239590011822,-0.1983454796139452,0.2360397757410483,1,1
35,JAWA TIMUR,3524,KABUPATEN LAMONGAN,2019,-0.3846153846153846,1.1538461538461535,0.3980453131941359,-0.0565371024734982,0.5829887773183697,1.3776002953447968,-0.221587551703762,0.2644614710613803,1,1
35,JAWA TIMUR,3525,KABUPATEN GRESIK,2019,0.7692307692307693,-0.0769230769230769,0.1670368725011106,0.0329799764428739,-0.0880094506792675,0.0364474642761022,-0.2137088831987394,0.480071629082592,1,1
35,JAWA TIMUR,3526,KABUPATEN BANGKALAN,2019,-0.4615384615384615,0.3846153846153846,0.6894713460684141,-0.3627797408716137,-0.2262256349675133,-0.0303658414578985,-0.3133740397872759,-0.0881689206079065,1,1
35,JAWA TIMUR,3527,KABUPATEN SAMPANG,2019,-0.2307692307692307,0.0769230769230769,-0.14749000444247,-0.5465253239104829,-0.3632604843473124,0.6948070888387566,-0.2369509552885562,-0.1017509234525148,1,1
35,JAWA TIMUR,3528,KABUPATEN PAMEKASAN,2019,-0.4615384615384615,0.2307692307692307,-0.0266548200799644,-0.3722025912838633,-0.1057294743059657,0.0004762716664858,-0.2322237541855426,-0.2740004023910038,1,1
35,JAWA TIMUR,3529,KABUPATEN SUMENEP,2019,-0.4615384615384615,1.0,0.5686361617059085,-0.0848056537102473,0.0277613703484937,-0.1763416981480359,-0.173921607248375,0.0899248086247547,1,1
35,JAWA TIMUR,3571,KOTA KEDIRI,2019,-0.0769230769230769,-1.0,-0.5633051976899156,-0.1413427561837456,0.0761961015948021,-0.369009087207033,-0.2901319676974591,-1.3062517800576063,1,1
35,JAWA TIMUR,3572,KOTA BLITAR,2019,-0.3846153846153846,-1.1538461538461535,-0.9737894269213684,-0.4664310954063604,-0.7318369757826344,-0.279216378108976,-0.3208587748670474,-1.559763338347253,1,1
35,JAWA TIMUR,3573,KOTA MALANG,2019,0.3076923076923077,-0.8461538461538461,0.0355397601066192,2.4593639575971733,2.1529828706438274,-0.0725144748541241,-0.0352570415599763,-0.290217979213282,1,1
35,JAWA TIMUR,3574,KOTA PROBOLINGGO,2019,-0.1538461538461538,-1.1538461538461535,-0.9240337627721013,-0.3109540636042402,-0.7790903721204961,-0.3724078069098846,-0.301556037029742,-1.393699532372879,1,1
35,JAWA TIMUR,3575,KOTA PASURUAN,2019,0.1538461538461538,-1.3076923076923077,-0.8405153265215459,-0.5323910482921084,-0.8771411695215594,-0.262414415531529,-0.3961000590900138,-1.4577789932734508,1,1
35,JAWA TIMUR,3576,KOTA MOJOKERTO,2019,-0.1538461538461538,-1.1538461538461535,-1.0661928031985783,-0.6360424028268551,-1.09568812758417,-0.4005162897591728,-0.4299783336616112,-1.5821683300860436,1,1
35,JAWA TIMUR,3577,KOTA MADIUN,2019,-0.1538461538461538,-1.1538461538461535,-0.787205686361617,-0.2402826855123674,-0.1825162433549911,-0.1368590588139144,-0.3117983060862714,-1.4985668086648196,1,1
35,JAWA TIMUR,3578,KOTA SURABAYA,2019,2.6923076923076925,0.3846153846153846,1.2687694358063084,3.265017667844523,6.826343768458358,2.956116779558082,0.2456174906440811,3.23812924764205,1,1
35,JAWA TIMUR,3579,KOTA BATU,2019,-0.3076923076923077,-1.0769230769230769,-1.0608618391825857,-0.4946996466431095,-0.9562906083874778,-0.4493609082416134,-0.4347055347646247,-1.4454668737267418,1,1
35,JAWA TIMUR,3501,KABUPATEN PACITAN,2020,0.2307692307692307,-0.1538461538461538,-0.591737005775211,-0.5371024734982333,-0.6987595983461311,-0.2587169692212958,0.1219223951152255,-0.8384069148542378,1,1
35,JAWA TIMUR,3502,KABUPATEN PONOROGO,2020,0.4615384615384615,0.1538461538461538,-0.1741448245224344,-0.2638398115429917,0.1766095688127584,-0.207533265039546,0.1357100649990151,-0.2882269276227489,1,1
35,JAWA TIMUR,3503,KABUPATEN TRENGGALEK,2020,-0.2307692307692307,0.1538461538461538,-0.5490892936472679,-0.4946996466431095,-0.3857058476077968,-0.0709475692531412,0.1002560567264132,-0.5917185841062521,1,1
35,JAWA TIMUR,3504,KABUPATEN TULUNGAGUNG,2020,0.6153846153846154,0.0769230769230769,-0.1741448245224344,0.1319199057714958,0.2864737152982871,-0.0474552579405618,0.2696474295844002,0.0102688093842459,1,1
35,JAWA TIMUR,3505,KABUPATEN BLITAR,2020,0.0,0.0769230769230769,-0.2594402487783207,-0.0895170789163722,-0.4400472533963379,0.2809072834337778,0.3661611187709277,0.2203604622096492,1,1
35,JAWA TIMUR,3506,KABUPATEN KEDIRI,2020,1.7692307692307692,-0.6923076923076923,0.2150155486450466,0.2497055359246172,0.1116361488481984,-0.1707898923316034,0.6903683277526098,0.9455404712155432,1,1
35,JAWA TIMUR,3507,KABUPATEN MALANG,2020,-0.4615384615384615,1.6923076923076923,0.2754331408262994,0.6690223792697291,1.7891317188422915,0.5405232506527599,0.7833366161118771,2.756967156358518,1,1
35,JAWA TIMUR,3508,KABUPATEN LUMAJANG,2020,-0.2307692307692307,0.3846153846153846,-0.2079075966237228,-0.2921083627797409,0.1447135262847017,0.058694141999411,0.8916683080559386,0.0129444482670622,1,1
35,JAWA TIMUR,3509,KABUPATEN JEMBER,2020,2.076923076923077,0.0,0.6663705019991115,0.3722025912838633,1.2811577082102776,0.7138128646895286,1.982863896001576,2.478106706778024,1,1
35,JAWA TIMUR,3510,KABUPATEN BANYUWANGI,2020,1.5384615384615383,0.1538461538461538,0.6859173700577521,0.5323910482921084,0.6361488481984643,1.0473326673045138,1.4447508371085287,1.0112503995603312,1,1
35,JAWA TIMUR,3511,KABUPATEN BONDOWOSO,2020,-0.4615384615384615,0.6153846153846154,-0.1528209684584629,-0.541813898704358,-0.1766095688127584,-0.2935496189122124,0.295647035650975,-0.4502912108920799,1,1
35,JAWA TIMUR,3512,KABUPATEN SITUBONDO,2020,-0.3076923076923077,0.0769230769230769,-0.0693025322079076,-0.5041224970553593,-0.3691671588895452,0.1651140867913521,0.4575536734291904,-0.6123154292562647,1,1
35,JAWA TIMUR,3513,KABUPATEN PROBOLINGGO,2020,0.5384615384615384,0.2307692307692307,0.0177698800533096,-0.4381625441696113,-0.2616656822209096,-0.2972808833289417,0.5615520976954894,0.2396978757761486,1,1
35,JAWA TIMUR,3514,KABUPATEN PASURUAN,2020,0.7692307692307693,0.0,0.0764104842292314,-0.0895170789163722,-0.0041346721795629,1.1618689576555037,0.5816427023832972,1.0458595097971757,1,1
35,JAWA TIMUR,3515,KABUPATEN SIDOARJO,2020,0.4615384615384615,-0.2307692307692307,0.4975566414926699,1.8186101295641928,2.1352628470171293,1.1386302821416443,2.904668111089226,2.16860531452257,1,1
35,JAWA TIMUR,3516,KABUPATEN MOJOKERTO,2020,0.3076923076923077,0.0,-0.094180364282541,-0.0518256772673733,0.1754282339043118,0.5430314268845492,0.1861335434311601,0.1552166683941028,1,1
35,JAWA TIMUR,3517,KABUPATEN JOMBANG,2020,0.6153846153846154,0.2307692307692307,0.787205686361617,0.2120141342756183,0.6184288245717661,0.2932058014961693,0.5907031711640732,0.4027690075313312,1,1
35,JAWA TIMUR,3518,KABUPATEN NGANJUK,2020,0.0,-0.2307692307692307,0.1190581963571745,-0.0047114252061248,-0.0313053750738334,-0.1572513770310238,0.046287177467008,0.0343582690915805,1,1
35,JAWA TIMUR,3519,KABUPATEN MADIUN,2020,0.8461538461538461,-0.6153846153846154,-0.5011106175033319,-0.4664310954063604,-0.5251033668044891,-0.3833874188189308,-0.2389206224148119,-0.6157853984324171,1,1
35,JAWA TIMUR,3520,KABUPATEN MAGETAN,2020,-0.0769230769230769,0.0,-0.3145268769435806,-0.508833922261484,-0.6314235085646781,0.2124256177793058,0.0478629111680126,-0.7111816795382433,1,1
35,JAWA TIMUR,3521,KABUPATEN NGAWI,2020,0.7692307692307693,-0.6923076923076923,-0.1243891603731674,-0.1036513545347467,-0.0761961015948021,0.0429969042341678,-0.0844987197163679,-0.3608506650338766,1,1
35,JAWA TIMUR,3522,KABUPATEN BOJONEGORO,2020,0.3076923076923077,0.6923076923076923,0.5153265215459796,0.0848056537102473,0.1506202008269344,0.6842783850163243,0.1554067362615717,0.3740546642081911,1,1
35,JAWA TIMUR,3523,KABUPATEN TUBAN,2020,1.5384615384615383,-0.7692307692307693,-0.3838294091514882,-0.2826855123674912,-0.351447135262847,-0.1335110662708069,0.2972227693519795,0.2434012665735883,1,1
35,JAWA TIMUR,3524,KABUPATEN LAMONGAN,2020,-0.3846153846153846,1.1538461538461535,0.4673478454020435,0.0753828032979976,0.7590076786769049,1.3281751327008409,0.3472523143588733,0.264938766018341,1,1
35,JAWA TIMUR,3525,KABUPATEN GRESIK,2020,0.7692307692307693,-0.0769230769230769,0.342958685028876,0.4428739693757361,0.5664500886001181,-0.0883695304496821,1.2580263935394915,0.5036559225946032,1,1
35,JAWA TIMUR,3526,KABUPATEN BANGKALAN,2020,-0.4615384615384615,0.3846153846153846,0.5082185695246557,-0.4381625441696113,-0.2522150029533372,0.032096201240279,0.0198936379751821,-0.0750345995294986,1,1
35,JAWA TIMUR,3527,KABUPATEN SAMPANG,2020,-0.2307692307692307,0.0769230769230769,-0.4087072412261217,-0.5842167255594818,-0.8889545186060248,-0.298599789482287,-0.0691353161315737,-0.0841119134737405,1,1
35,JAWA TIMUR,3528,KABUPATEN PAMEKASAN,2020,-0.4615384615384615,0.2307692307692307,-0.0746334962239004,-0.3297997644287397,-0.0891907855877141,0.0907311615533219,-0.0147725034469174,-0.2596780697773871,1,1
35,JAWA TIMUR,3529,KABUPATEN SUMENEP,2020,-0.4615384615384615,1.0,0.4655708573967125,-0.541813898704358,-0.1281748375664501,0.2599626028105665,0.1522552688595627,0.0959815771114422,1,1
35,JAWA TIMUR,3571,KOTA KEDIRI,2020,-0.0769230769230769,-1.0,-0.4655708573967125,-0.0376914016489988,0.2439456585942114,-0.4113662655933175,-0.0309237738822139,-1.3032904609815728,1,1
35,JAWA TIMUR,3572,KOTA BLITAR,2020,-0.3846153846153846,-1.1538461538461535,-0.9791203909373613,-0.3674911660777385,-0.6349675132900178,-0.4887139115008335,-0.1270435296434902,-1.558157258236604,1,1
35,JAWA TIMUR,3573,KOTA MALANG,2020,0.3076923076923077,-0.8461538461538461,0.1261661483784984,1.1071849234393405,2.475487300649734,-0.2150127029262525,1.2785109316525507,-0.2828878435239,1,1
35,JAWA TIMUR,3574,KOTA PROBOLINGGO,2020,-0.1538461538461538,-1.1538461538461535,-0.9098178587294536,-0.3392226148409894,-0.7779090372120496,-0.4265675044632855,0.1833760094544022,-1.3905361468187158,1,1
35,JAWA TIMUR,3575,KOTA PASURUAN,2020,0.1538461538461538,-1.3076923076923077,-0.8582852065748556,-0.5041224970553593,-0.8795038393384524,-0.3427493275128614,-0.0380145755367342,-1.4557531026349644,1,1
35,JAWA TIMUR,3576,KOTA MOJOKERTO,2020,-0.1538461538461538,-1.1538461538461535,-0.9471346068414038,-0.4334511189634865,-0.5251033668044891,-0.3980588406871275,-0.0356509749852275,-1.58064063783329,1,1
35,JAWA TIMUR,3577,KOTA MADIUN,2020,-0.1538461538461538,-1.1538461538461535,-0.7641048422923146,-0.2261484098939929,-0.141169521559362,-0.2592749679784804,-0.2408902895410675,-1.497883963324934,1,1
35,JAWA TIMUR,3578,KOTA SURABAYA,2020,2.6923076923076925,0.3846153846153846,1.430475344291426,4.150765606595996,8.970466627288836,3.4632418318704654,7.042150876501871,3.253033392356487,1,1
35,JAWA TIMUR,3579,KOTA BATU,2020,-0.3076923076923077,-1.0769230769230769,-1.0590848511772546,-0.4664310954063604,-0.9054932073242764,-0.4424169237077608,-0.0277723064802048,-1.4426187815565563,1,1
35,JAWA TIMUR,3501,KABUPATEN PACITAN,2021,0.2307692307692307,-0.1538461538461538,-0.5259884495779653,-0.3156654888103651,-0.7412876550502068,-0.5219740192396845,2.523734488871381,-0.8363514110249909,1,1
35,JAWA TIMUR,3502,KABUPATEN PONOROGO,2021,0.4615384615384615,0.1538461538461538,0.0852954242558862,0.4570082449941107,0.2793857058476078,-0.5223572911133062,4.058499113649793,-0.2790015477247053,1,1
35,JAWA TIMUR,3503,KABUPATEN TRENGGALEK,2021,-0.3076923076923077,0.2307692307692307,-0.4389160373167481,-0.2591283863368669,-0.3951565268753692,-0.5222445640916527,2.417766397478826,-0.5883635837883459,1,1
35,JAWA TIMUR,3504,KABUPATEN TULUNGAGUNG,2021,0.6923076923076923,0.0,0.6112838738338516,0.9375736160188456,0.7082102776137035,-0.5223572911133062,2.4540082726019303,0.018043142935033,1,1
35,JAWA TIMUR,3505,KABUPATEN BLITAR,2021,0.0,0.0769230769230769,-0.0373167481119502,0.4287396937573616,-0.5262847017129356,-0.5220360191015938,3.178057908213512,0.2273404654671001,1,1
35,JAWA TIMUR,3506,KABUPATEN KEDIRI,2021,1.7692307692307692,-0.6923076923076923,0.4975566414926699,1.027090694935218,0.1896042528056704,-0.5218894739734443,4.309434705534764,0.9578038160951176,1,1
35,JAWA TIMUR,3507,KABUPATEN MALANG,2021,-0.4615384615384615,1.6923076923076923,1.0821856952465572,2.115429917550059,1.8552864737152983,-0.5218049287072043,4.88181997242466,2.786902608312422,1,1
35,JAWA TIMUR,3508,KABUPATEN LUMAJANG,2021,-0.4615384615384615,0.6153846153846154,0.2701021768103065,0.673733804475854,0.2262256349675133,-0.5220303827505112,2.2137088831987395,0.0177592046942133,1,1
35,JAWA TIMUR,3509,KABUPATEN JEMBER,2021,0.0769230769230769,2.0,1.631274988893825,2.1248527679623086,1.0744240992321323,-0.5214047477803345,4.623005712034666,2.4984039361156376,1,1
35,JAWA TIMUR,3510,KABUPATEN BANYUWANGI,2021,1.6153846153846154,0.0769230769230769,0.9080408707241228,1.889281507656066,0.3597164796219728,-0.5204747498516935,3.544809927122316,1.019475898782114,1,1
35,JAWA TIMUR,3511,KABUPATEN BONDOWOSO,2021,-0.4615384615384615,0.6153846153846154,0.0,-0.3250883392226148,-0.4613112817483756,-0.5223347457089754,1.576718534567658,-0.443520241922349,1,1
35,JAWA TIMUR,3512,KABUPATEN SITUBONDO,2021,-0.3076923076923077,0.0769230769230769,0.1119502443358507,-0.2261484098939929,-0.5853514471352629,-0.5217767469517909,1.930470750443175,-0.6060705299106292,1,1
35,JAWA TIMUR,3513,KABUPATEN PROBOLINGGO,2021,0.4615384615384615,0.3076923076923077,0.4478009773434029,-0.0659599528857479,-0.2640283520378027,-0.5222840185492315,1.6314752806775654,0.2526022591380645,1,1
35,JAWA TIMUR,3514,KABUPATEN PASURUAN,2021,0.7692307692307693,0.0,0.7356730342070191,0.6831566548881036,0.6077968103957472,-0.5210609303642915,2.214496750049242,1.0677628192454385,1,1
35,JAWA TIMUR,3515,KABUPATEN SIDOARJO,2021,0.5384615384615384,-0.2307692307692307,1.1657041314971124,3.802120141342756,1.9757826343768456,-0.5208862034807286,6.658853653732519,2.2371232701323973,1,1
35,JAWA TIMUR,3516,KABUPATEN MOJOKERTO,2021,0.3076923076923077,0.0,0.0710795202132385,0.4664310954063604,0.0584760779681039,-0.5217147470898815,2.188103210557416,0.1734845231884348,1,1
35,JAWA TIMUR,3517,KABUPATEN JOMBANG,2021,0.6923076923076923,0.1538461538461538,1.1248334073745003,1.0365135453474676,0.4282339043118724,-0.5211172938751182,3.6109907425645065,0.4126859425312484,1,1
35,JAWA TIMUR,3518,KABUPATEN NGANJUK,2021,0.0,-0.2307692307692307,0.2292314526876943,0.1978798586572438,-0.219137625516834,-0.52215438247433,4.278707898365176,0.039714772714406,1,1
35,JAWA TIMUR,3519,KABUPATEN MADIUN,2021,0.7692307692307693,-0.5384615384615384,-0.3500666370501999,-0.3156654888103651,-0.6207914943886592,-0.5223572911133062,2.9480007878668504,-0.6128136276419974,1,1
35,JAWA TIMUR,3520,KABUPATEN MAGETAN,2021,-0.0769230769230769,0.0,-0.0924033762772101,0.061248527679623,-0.2782043709391612,-0.5220022009950978,3.4289935000984832,-0.6987650428476742,1,1
35,JAWA TIMUR,3521,KABUPATEN NGAWI,2021,-0.3846153846153846,0.4615384615384615,-0.0213238560639715,0.3392226148409894,-0.0253987005316007,-0.521618929121476,2.639944849320465,-0.3430949442444586,1,1
35,JAWA TIMUR,3522,KABUPATEN BOJONEGORO,2021,0.3076923076923077,0.6923076923076923,0.739227010217681,0.9846878680800942,-0.112817483756645,-0.5215738383128147,2.0529840456962773,0.3794529746885607,1,1
35,JAWA TIMUR,3523,KABUPATEN TUBAN,2021,1.4615384615384617,-0.6923076923076923,0.1545979564637938,0.508833922261484,-0.4506792675723567,-0.5222502004427354,1.9548946228087452,0.2522050939913965,1,1
35,JAWA TIMUR,3524,KABUPATEN LAMONGAN,2021,-0.3846153846153846,1.1538461538461535,0.9489115948467348,1.5547703180212014,0.6916715888954519,-0.5211229302262008,1.6318692141028166,0.2911673432700105,1,1
35,JAWA TIMUR,3525,KABUPATEN GRESIK,2021,0.7692307692307693,-0.0769230769230769,0.8742780986228343,2.365135453474676,0.761370348493798,-0.5222445640916527,3.333661611187709,0.5318894870559873,1,1
35,JAWA TIMUR,3526,KABUPATEN BANGKALAN,2021,-0.4615384615384615,0.3846153846153846,0.6486006219458018,0.0094228504122497,-0.6904902539870054,-0.5221431097721646,1.692534961591491,-0.0593988348080412,1,1
35,JAWA TIMUR,3527,KABUPATEN SAMPANG,2021,-0.2307692307692307,0.1538461538461538,0.2896490448689471,-0.3580683156654888,-0.6219728292971057,-0.5224587454327942,0.6750049241678157,-0.0629663533184628,1,1
35,JAWA TIMUR,3528,KABUPATEN PAMEKASAN,2021,-0.4615384615384615,0.3076923076923077,0.0124389160373167,0.1083627797408716,-0.3207324276432368,-0.5212751117054331,0.3925546582627536,-0.2424048698021229,1,1
35,JAWA TIMUR,3529,KABUPATEN SUMENEP,2021,-0.4615384615384615,1.0,0.8600621945801866,-0.3109540636042402,-0.2250443000590667,-0.5222952912513967,1.228875320070908,0.1034963597549769,1,1
35,JAWA TIMUR,3571,KOTA KEDIRI,2021,-0.0769230769230769,-1.0,-0.3003109729009329,0.928150765606596,0.0407560543414057,-0.5224080182730502,0.964545991727398,-1.299550489183782,1,1
35,JAWA TIMUR,3572,KOTA BLITAR,2021,-0.3846153846153846,-1.1538461538461535,-0.9009329187027988,-0.1507656065959952,-0.7259303012404017,-0.5224869271882077,2.0778018514870986,-1.5563421438382354,1,1
35,JAWA TIMUR,3573,KOTA MALANG,2021,0.7692307692307693,-1.3076923076923077,0.29498000888494,8.716136631330977,2.4152392203189605,-0.5221825642297433,4.459917273980698,-0.2736920768166168,1,1
35,JAWA TIMUR,3574,KOTA PROBOLINGGO,2021,-0.1538461538461538,-1.1538461538461535,-0.7161261661483785,-0.0424028268551236,-0.8369757826343769,-0.5224136546241329,0.8971833760094544,-1.386357203016713,1,1
35,JAWA TIMUR,3575,KOTA PASURUAN,2021,0.1538461538461538,-1.3076923076923077,-0.790759662372279,-0.1978798586572438,-0.8795038393384524,-0.5222445640916527,0.7467008075635218,-1.452863203607235,1,1
35,JAWA TIMUR,3576,KOTA MOJOKERTO,2021,-0.1538461538461538,-1.1538461538461535,-0.8707241226121724,-0.1507656065959952,-0.7660956881275842,-0.5223291093578928,0.905062044514477,-1.5783325509063817,1,1
35,JAWA TIMUR,3577,KOTA MADIUN,2021,-0.0769230769230769,-1.2307692307692308,-0.6539315859617948,0.1931684334511189,-0.1210868281157708,-0.522255836793818,2.2889501674217057,-1.4968858246010712,1,1
35,JAWA TIMUR,3578,KOTA SURABAYA,2021,2.6923076923076925,0.3846153846153846,2.208796090626388,24.00942285041225,9.71470761961016,-0.5198322058282688,19.137876698837896,3.277058399825108,2,0
35,JAWA TIMUR,3579,KOTA BATU,2021,-0.3076923076923077,-1.0769230769230769,-0.9826743669480232,-0.1083627797408716,-0.9208505611340816,-0.5224700181349596,0.3645853850699231,-1.438960681521456,1,1
35,JAWA TIMUR,3501,KABUPATEN PACITAN,2022,0.2307692307692307,-0.1538461538461538,-0.4851177254553532,-0.5182567726737338,-0.5487300649734199,0.0197976831778874,0.4102816623990545,-0.8353044976339932,1,1
35,JAWA TIMUR,3502,KABUPATEN PONOROGO,2022,0.4615384615384615,0.1538461538461538,0.2150155486450466,0.2591283863368669,0.3868871825162434,-0.0537736075042378,0.7573370100453023,-0.2773519188041148,1,1
35,JAWA TIMUR,3503,KABUPATEN TRENGGALEK,2022,-0.3076923076923077,0.2307692307692307,-0.4353620613060862,-0.3722025912838633,-0.2297696396928529,0.6866287434177988,0.4410084695686429,-0.5862906604351222,1,1
35,JAWA TIMUR,3504,KABUPATEN TULUNGAGUNG,2022,0.6923076923076923,0.0,0.5721901377165705,0.3580683156654888,1.1405788541051387,0.2442428196409926,0.8786685050226511,0.0244134628533006,1,1
35,JAWA TIMUR,3505,KABUPATEN BLITAR,2022,0.0,0.0769230769230769,0.0373167481119502,0.0518256772673733,-0.1447135262847017,1.462945923438625,0.821548158361237,0.2323067717528483,1,1
35,JAWA TIMUR,3506,KABUPATEN KEDIRI,2022,1.7692307692307692,-0.6923076923076923,0.5028876055086628,0.5606595995288575,0.5085646780862374,0.4828126519172753,3.1024226905652945,0.9675012650929288,1,1
35,JAWA TIMUR,3507,KABUPATEN MALANG,2022,-0.4615384615384615,1.6923076923076923,1.1994669035984007,1.9081272084805652,2.886591848789132,0.8875308414085805,5.5751428008666535,2.81070638782654,1,1
35,JAWA TIMUR,3508,KABUPATEN LUMAJANG,2022,-0.4615384615384615,0.6153846153846154,0.1634828964904487,0.0047114252061248,0.3750738334317779,0.2923603488337685,1.044514477053378,0.0214190466817113,1,1
35,JAWA TIMUR,3509,KABUPATEN JEMBER,2022,0.0769230769230769,2.0,1.6525988449577966,1.0977620730270907,2.0702894270525696,1.2049870434379486,2.5654914319480007,2.513968280788791,1,1
35,JAWA TIMUR,3510,KABUPATEN BANYUWANGI,2022,1.6153846153846154,0.0769230769230769,0.8067525544202576,0.6548881036513545,0.8712344949793266,1.4649130099664778,2.532401024226905,1.0256215068410826,1,1
35,JAWA TIMUR,3511,KABUPATEN BONDOWOSO,2022,-0.4615384615384615,0.6153846153846154,0.0177698800533096,-0.4852767962308598,0.0029533372711163,-0.2957139777279587,0.5753397675792791,-0.4382665134909858,1,1
35,JAWA TIMUR,3512,KABUPATEN SITUBONDO,2022,-0.3076923076923077,0.0769230769230769,0.0799644602398933,-0.4711425206124853,-0.1990549320732427,0.2405059188731806,0.5150679535158558,-0.60122441834032,1,1
35,JAWA TIMUR,3513,KABUPATEN PROBOLINGGO,2022,0.4615384615384615,0.3076923076923077,0.1812527765437583,-0.3627797408716137,0.0454813939751919,-0.1663597203806228,0.5907031711640732,0.2633518473840665,1,1
35,JAWA TIMUR,3514,KABUPATEN PASURUAN,2022,0.7692307692307693,0.0,0.6876943580630831,0.2261484098939929,0.6326048434731246,1.523801606078241,1.6346267480795746,1.0857850587516995,1,1
35,JAWA TIMUR,3515,KABUPATEN SIDOARJO,2022,0.5384615384615384,-0.2307692307692307,1.325633051976899,2.6996466431095407,3.114589486119314,2.3235096430921587,9.779988181997242,2.296116230031782,1,1
35,JAWA TIMUR,3516,KABUPATEN MOJOKERTO,2022,0.3076923076923077,0.0,0.1723678365171035,0.4240282685512367,0.5463673951565269,0.6121443638602805,1.210360449084105,0.1887631876683705,1,1
35,JAWA TIMUR,3517,KABUPATEN JOMBANG,2022,0.6923076923076923,0.1538461538461538,1.0484229231452689,0.3580683156654888,0.815711754282339,0.9294991115701606,1.81386645656884,0.4207476982276505,1,1
35,JAWA TIMUR,3518,KABUPATEN NGANJUK,2022,0.0,-0.2307692307692307,0.1812527765437583,0.0141342756183745,0.0797401063201417,0.0595395946618118,1.6968682292692534,0.0436707466095074,1,1
35,JAWA TIMUR,3519,KABUPATEN MADIUN,2022,0.7692307692307693,-0.5384615384615384,-0.3003109729009329,-0.3910482921083628,-0.4270525694034259,-0.1884880347311953,0.7853062832381328,-0.6110107069104123,1,1
35,JAWA TIMUR,3520,KABUPATEN MAGETAN,2022,-0.0769230769230769,0.0,-0.2292314526876943,-0.3486454652532391,-0.3408151210868281,0.537699438760341,0.8924561749064408,-0.697092768545914,1,1
35,JAWA TIMUR,3521,KABUPATEN NGAWI,2022,-0.3846153846153846,0.4615384615384615,0.0586406041759218,-0.0895170789163722,0.1565268753691671,0.6899203724500795,0.9948788654717352,-0.340886148604217,1,1
35,JAWA TIMUR,3522,KABUPATEN BOJONEGORO,2022,0.2307692307692307,0.6923076923076923,0.6254997778764994,0.1743227326266195,0.4211458948611931,1.0479244841681945,1.04175694307662,0.3831859786767607,1,1
35,JAWA TIMUR,3523,KABUPATEN TUBAN,2022,1.4615384615384617,-0.6923076923076923,0.1066192803198578,0.0141342756183745,-0.0620200826934435,0.7412844398664749,0.7478826078392752,0.2591850972488475,1,1
35,JAWA TIMUR,3524,KABUPATEN LAMONGAN,2022,-0.3846153846153846,1.0769230769230769,0.9471346068414038,0.7538280329799765,1.4418192557590075,1.373446304596867,0.9066377782154816,0.2943376966337641,1,1
35,JAWA TIMUR,3525,KABUPATEN GRESIK,2022,0.7692307692307693,-0.0769230769230769,0.991559306974678,1.347467608951708,1.3343177790903722,-0.0366165548085824,3.474295844002364,0.5559719789537312,1,1
35,JAWA TIMUR,3526,KABUPATEN BANGKALAN,2022,-0.4615384615384615,0.3846153846153846,0.8067525544202576,-0.3769140164899882,0.0147666863555818,0.2418417340797741,0.3637975182194209,-0.0462488361580543,1,1
35,JAWA TIMUR,3527,KABUPATEN SAMPANG,2022,-0.2307692307692307,0.1538461538461538,0.2754331408262994,-0.4946996466431095,-0.1458948611931482,-0.0692735729815874,0.1747094740988773,-0.0450277275272898,1,1
35,JAWA TIMUR,3528,KABUPATEN PAMEKASAN,2022,-0.4615384615384615,0.3076923076923077,0.1528209684584629,-0.2685512367491166,0.1399881866509155,0.3910415835892002,0.0447114437660035,-0.2278316960432422,1,1
35,JAWA TIMUR,3529,KABUPATEN SUMENEP,2022,-0.4615384615384615,1.0,1.03243003109729,-0.4004711425206125,0.3668044890726521,0.9019204457226436,0.2991924364782352,0.1092064797145288,1,1
35,JAWA TIMUR,3571,KOTA KEDIRI,2022,-0.0769230769230769,-1.0,-0.2843180808529542,0.2308598351001178,0.5203780271707029,-0.3071501340747014,0.5418554264329328,-1.2966396867272807,1,1
35,JAWA TIMUR,3572,KOTA BLITAR,2022,-0.3846153846153846,-1.1538461538461535,-0.9524655708573968,-0.4428739693757361,-0.4943886591848789,-0.3130063028495982,0.0053181012408902,-1.5547970320615048,1,1
35,JAWA TIMUR,3573,KOTA MALANG,2022,0.7692307692307693,-1.3076923076923077,0.3287427809862283,5.319199057714958,3.088600118133491,0.2020152773296095,6.420917864880835,-0.2663915543179951,1,1
35,JAWA TIMUR,3574,KOTA PROBOLINGGO,2022,-0.1538461538461538,-1.1538461538461535,-0.7960906263882719,-0.381625441696113,-0.7909037212049616,-0.3482053153608885,0.1400433326767776,-1.382990009032023,1,1
35,JAWA TIMUR,3575,KOTA PASURUAN,2022,0.1538461538461538,-1.3076923076923077,-0.8351843625055531,-0.5041224970553593,-0.8688718251624336,-0.227142130456164,0.1305889304707504,-1.450640472347812,1,1
35,JAWA TIMUR,3576,KOTA MOJOKERTO,2022,-0.1538461538461538,-1.1538461538461535,-0.8476232785428698,-0.1460541813898704,-0.3207324276432368,-0.3351233444980054,0.0175300374236754,-1.5768884723687155,1,1
35,JAWA TIMUR,3577,KOTA MADIUN,2022,-0.0769230769230769,-1.2307692307692308,-0.6557085739671257,-0.160188457008245,0.1376255168340224,-0.3042079588095462,1.050423478432145,-1.4962569797855134,1,1
35,JAWA TIMUR,3578,KOTA SURABAYA,2022,2.6923076923076925,0.3846153846153846,2.418480675255442,18.76089517078916,12.341996455995275,3.3444106419944792,30.62458144573567,3.293633076888908,2,0
35,JAWA TIMUR,3579,KOTA BATU,2022,-0.3076923076923077,-1.0769230769230769,-0.986228342958685,-0.2308598351001178,-0.7944477259303012,-0.3485491327769315,0.5012802836320662,-1.4360620727317384,1,1
35,JAWA TIMUR,3501,KABUPATEN PACITAN,2023,0.2307692307692307,-0.1538461538461538,-0.9542425588627276,-0.2826855123674912,-0.561724748966332,0.0401787286928315,-0.343312980106362,-0.8345119092930547,1,1
35,JAWA TIMUR,3502,KABUPATEN PONOROGO,2023,0.4615384615384615,0.1538461538461538,-0.3020879609062639,0.6124852767962309,0.5026580035440047,0.321652465410418,-0.3070711049832578,-0.2761029389349877,1,1
35,JAWA TIMUR,3503,KABUPATEN TRENGGALEK,2023,-0.3076923076923077,0.2307692307692307,-0.8085295424255886,-0.0989399293286219,-0.2073242764323686,0.740438987204074,-0.3208587748670474,-0.5845365143706718,1,1
35,JAWA TIMUR,3504,KABUPATEN TULUNGAGUNG,2023,0.6923076923076923,0.0,-0.0444247001332741,1.276796230859835,1.38629651506202,0.9327738315491934,-0.1810124089028954,0.0303256492909818,1,1
35,JAWA TIMUR,3505,KABUPATEN BLITAR,2023,0.0,0.0769230769230769,-0.2647712127943136,0.7915194346289752,0.0679267572356763,1.6756674496497712,-0.1727398069726216,0.2367504923192964,1,1
35,JAWA TIMUR,3506,KABUPATEN KEDIRI,2023,1.7692307692307692,-0.6923076923076923,-0.0302087960906263,1.1354534746760896,0.5191966922622564,1.9571411863673576,-0.0833169194406145,0.976503675084071,1,1
35,JAWA TIMUR,3507,KABUPATEN MALANG,2023,-0.4615384615384615,1.6923076923076923,0.5952909817858729,2.8032979976442878,2.9574719432959244,4.157003377583386,0.3204648414417963,2.833416221234922,1,1
35,JAWA TIMUR,3508,KABUPATEN LUMAJANG,2023,-0.4615384615384615,0.6153846153846154,-0.1030653043091959,0.7114252061248527,0.6751329001772003,0.7740090942524719,-0.1183769942879653,0.0246050776170439,1,1
35,JAWA TIMUR,3509,KABUPATEN JEMBER,2023,0.0769230769230769,2.0,0.5775211017325633,1.8610129564193167,2.132900177200236,0.5958778546356874,0.2211936182785109,2.528450873022993,1,1
35,JAWA TIMUR,3510,KABUPATEN BANYUWANGI,2023,1.6153846153846154,0.0769230769230769,0.0,1.8751472320376916,0.958653278204371,2.0470973496468123,-0.0569233799487886,1.0310354948930311,1,1
35,JAWA TIMUR,3511,KABUPATEN BONDOWOSO,2023,-0.4615384615384615,0.6153846153846154,-0.7534429142603287,-0.094228504122497,0.0490253987005316,0.4921802674166771,-0.2724049635611582,-0.4333542077295654,1,1
35,JAWA TIMUR,3512,KABUPATEN SITUBONDO,2023,-0.3076923076923077,0.0769230769230769,-0.4353620613060862,-0.1554770318021201,-0.1848789131718842,0.4039657366217684,-0.1400433326767776,-0.5966761806300119,1,1
35,JAWA TIMUR,3513,KABUPATEN PROBOLINGGO,2023,0.4615384615384615,0.3076923076923077,-0.3927143491781431,-0.1319199057714958,0.154164205552274,0.2120254368524361,0.0202875714004333,0.2736102050539264,1,1
35,JAWA TIMUR,3514,KABUPATEN PASURUAN,2023,0.7692307692307693,0.0,0.1634828964904487,0.7302709069493521,0.7176609568812758,2.327359270881624,0.0029545006893834,1.1031540661088357,1,1
35,JAWA TIMUR,3515,KABUPATEN SIDOARJO,2023,0.7692307692307693,-0.2307692307692307,1.5406486006219458,4.358068315665489,3.461901949202599,3.2117816646681105,0.185739610005909,2.3548757683098795,1,1
35,JAWA TIMUR,3516,KABUPATEN MOJOKERTO,2023,0.3076923076923077,0.0,-0.1705908485117725,1.2579505300353355,0.6597755463673951,1.4863649621871298,-0.1928304116604293,0.2036307513824569,1,1
35,JAWA TIMUR,3517,KABUPATEN JOMBANG,2023,0.6923076923076923,0.1538461538461538,0.5330964015992892,0.994110718492344,0.893679858239811,1.3408681953390196,-0.1463462674807957,0.4282502872044015,1,1
35,JAWA TIMUR,3518,KABUPATEN NGANJUK,2023,0.0,-0.2307692307692307,-0.4193691692581075,0.3439340400471142,0.1057294743059657,0.5204465680962802,-0.1073468583809336,0.0471476835952503,1,1
35,JAWA TIMUR,3519,KABUPATEN MADIUN,2023,0.7692307692307693,-0.5384615384615384,-0.5668591737005775,-0.1743227326266195,-0.3549911399881866,0.2125045266944632,-0.277920031514674,-0.6095195956580095,1,1
35,JAWA TIMUR,3520,KABUPATEN MAGETAN,2023,-0.0769230769230769,0.0,-0.6183918258551755,-0.0800942285041225,-0.284111045481394,0.7080017867232932,-0.3031317707307465,-0.6957079163897688,1,1
35,JAWA TIMUR,3521,KABUPATEN NGAWI,2023,-0.3846153846153846,0.4615384615384615,-0.7498889382496668,0.2402826855123674,0.1317188422917897,0.9545583284837228,-0.218436084301753,-0.3390570985866669,1,1
35,JAWA TIMUR,3522,KABUPATEN BOJONEGORO,2023,0.2307692307692307,0.6923076923076923,0.3927143491781431,0.9045936395759716,0.6196101594802126,1.351842170896983,-0.1786488083513886,0.3863493642309236,1,1
35,JAWA TIMUR,3523,KABUPATEN TUBAN,2023,1.4615384615384617,-0.6923076923076923,-0.6290537538871612,0.7067137809187279,0.1187241582988777,1.076974237648289,-0.2310419539097892,0.265644256739396,1,1
35,JAWA TIMUR,3524,KABUPATEN LAMONGAN,2023,-0.3846153846153846,1.0769230769230769,0.0604175921812527,1.2532391048292109,1.4808033077377436,1.510184181862504,-0.1672247390191057,0.296957593039855,1,1
35,JAWA TIMUR,3525,KABUPATEN GRESIK,2023,0.7692307692307693,-0.0769230769230769,0.5171035095513106,2.030624263839812,1.3225044300059068,0.993150424346782,-0.10261965727792,0.5796747252287837,1,1
35,JAWA TIMUR,3526,KABUPATEN BANGKALAN,2023,-0.4615384615384615,0.3846153846153846,-0.5028876055086628,-0.0471142520612485,0.0537507383343177,1.1769969239613969,-0.2905259011227102,-0.0334663894639751,1,1
35,JAWA TIMUR,3527,KABUPATEN SAMPANG,2023,-0.2307692307692307,0.1538461538461538,-0.8920479786761439,-0.2497055359246172,-0.0880094506792675,1.1239814056777782,-0.2097695489462281,-0.0273712980245388,1,1
35,JAWA TIMUR,3528,KABUPATEN PAMEKASAN,2023,-0.4615384615384615,0.3076923076923077,-0.6521545979564638,0.1837455830388692,0.1577082102776137,0.8125786447112004,-0.2330116210360449,-0.2135407185727835,1,1
35,JAWA TIMUR,3529,KABUPATEN SUMENEP,2023,-0.4615384615384615,1.0,-0.7498889382496668,-0.1648998822143698,0.4305965741287655,0.9657013945741666,-0.1782548749261374,0.1144305949551316,1,1
35,JAWA TIMUR,3571,KOTA KEDIRI,2023,-0.0769230769230769,-1.0,0.0604175921812527,0.7114252061248527,0.5629060838747785,0.005086806852112,-0.3381918455780973,-1.2938438531290255,1,1
35,JAWA TIMUR,3572,KOTA BLITAR,2023,-0.3846153846153846,-1.1538461538461535,-0.7996446023989338,-0.2073027090694935,-0.4601299468399291,-0.2266912223695501,-0.3515855820366358,-1.553305920809102,1,1
35,JAWA TIMUR,3573,KOTA MALANG,2023,0.7692307692307693,-1.3076923076923077,1.0235450910706352,2.685512367491166,3.017720023626698,0.7380322652917728,0.0813472523143588,-0.2594620676800765,1,1
35,JAWA TIMUR,3574,KOTA PROBOLINGGO,2023,-0.1538461538461538,-1.1538461538461535,-0.6041759218125278,-0.0471142520612485,-0.7649143532191376,-0.2981770631510866,-0.316525507189285,-1.3797081707148189,1,1
35,JAWA TIMUR,3575,KOTA PASURUAN,2023,0.1538461538461538,-1.3076923076923077,-0.8494002665482008,-0.1413427561837456,-0.8098050797401063,-0.1921742083392632,-0.3897971242859956,-1.4484996128510796,1,1
35,JAWA TIMUR,3576,KOTA MOJOKERTO,2023,-0.1538461538461538,-1.1538461538461535,-0.7623278542869836,-0.0424028268551236,-0.2923803898405198,-0.2815047366485411,-0.4154027969273193,-1.57549665240298,1,1
35,JAWA TIMUR,3577,KOTA MADIUN,2023,0.0,-1.3076923076923077,-0.3216348289649045,0.287396937573616,0.0880094506792675,-0.2367070182434593,-0.3366161118770928,-1.495710006732646,1,1
35,JAWA TIMUR,3578,KOTA SURABAYA,2023,2.6923076923076925,0.3846153846153846,3.2394491337183475,16.27326266195524,11.533963378617836,4.4115917196366246,1.7654126452629506,3.3089187091784344,1,2
35,JAWA TIMUR,3579,KOTA BATU,2023,-0.3076923076923077,-1.0769230769230769,-0.9649044868947134,-0.2685512367491166,-0.7731836975782634,-0.2569809730878327,-0.3578885168406539,-1.433241851799916,1,1
35,JAWA TIMUR,3501,KABUPATEN PACITAN,2024,0.2307692307692307,-0.1538461538461538,-0.5597512216792536,-0.1224970553592461,-0.5782634376845835,0.1780551488771684,-0.2523143588733504,-0.7816453959762641,1,1
35,JAWA TIMUR,3502,KABUPATEN PONOROGO,2024,0.5384615384615384,0.0769230769230769,0.3713904931141715,0.9328621908127208,0.7838157117542823,0.4488254548887596,-0.2211936182785109,-0.129507192956938,1,1
35,JAWA TIMUR,3503,KABUPATEN TRENGGALEK,2024,-0.2307692307692307,0.1538461538461538,-0.2789871168369613,0.0659599528857479,-0.1458948611931482,-0.1591001001861405,-0.0108331691944061,-0.5099931454173152,1,1
35,JAWA TIMUR,3504,KABUPATEN TULUNGAGUNG,2024,0.6923076923076923,0.0,0.8636161705908485,1.4652532391048292,1.440637920850561,1.1491928040705728,0.2515264920228481,0.1333638755653724,1,1
35,JAWA TIMUR,3505,KABUPATEN BLITAR,2024,0.2307692307692307,-0.1538461538461538,0.3980453131941359,0.7632508833922261,0.1435321913762551,1.6820139809688606,0.156194603112074,0.3943048608310681,1,1
35,JAWA TIMUR,3506,KABUPATEN KEDIRI,2024,1.7692307692307692,-0.6923076923076923,0.5046645935139937,1.7102473498233215,0.6467808623744832,0.1548108370122266,-0.1404372661020287,1.136848651336905,1,1
35,JAWA TIMUR,3507,KABUPATEN MALANG,2024,-0.4615384615384615,1.6923076923076923,1.926254997778765,4.598351001177856,3.5611340815121086,0.8745446885141028,1.3679338191845578,2.9590649896310284,1,1
35,JAWA TIMUR,3508,KABUPATEN LUMAJANG,2024,-0.4615384615384615,0.6153846153846154,0.4300310972900933,0.9988221436984688,0.7401063201417601,1.0252156256561065,0.0616505810518022,0.1891098361955062,1,1
35,JAWA TIMUR,3509,KABUPATEN JEMBER,2024,0.0769230769230769,2.0,1.776988005330964,1.795053003533569,2.225044300059067,0.5176791197146879,0.4997045499310616,2.728820689517017,1,1
35,JAWA TIMUR,3510,KABUPATEN BANYUWANGI,2024,1.6153846153846154,0.0769230769230769,0.8245224344735673,2.190812720848057,1.0460720614294152,0.2256315883660077,-0.0466811108922592,1.249164516081269,1,1
35,JAWA TIMUR,3511,KABUPATEN BONDOWOSO,2024,-0.4615384615384615,0.6153846153846154,0.1297201243891603,-0.1224970553592461,0.1647962197282929,-0.0529732456504983,-0.0029545006893834,-0.4267400144756244,1,1
35,JAWA TIMUR,3512,KABUPATEN SITUBONDO,2024,-0.2307692307692307,0.0,0.2487783207463349,-0.0424028268551236,-0.1057294743059657,0.4018690140190142,0.0797715186133543,-0.5862854345779293,1,1
35,JAWA TIMUR,3513,KABUPATEN PROBOLINGGO,2024,0.5384615384615384,0.2307692307692307,0.4264771212794314,-0.1366313309776207,0.167158889545186,0.0679828485836554,0.8030332873744337,0.2577305669967957,1,1
35,JAWA TIMUR,3514,KABUPATEN PASURUAN,2024,0.7692307692307693,0.0,0.7285650821856953,1.0694935217903416,0.9267572356763142,0.089818072677929,0.2842229663186921,1.0798868079331996,1,1
35,JAWA TIMUR,3515,KABUPATEN SIDOARJO,2024,0.8461538461538461,-0.2307692307692307,1.4642381163927145,5.173144876325089,3.4406379208505613,0.2134852517828483,-0.0238329722276935,1.9757102157669335,1,1
35,JAWA TIMUR,3516,KABUPATEN MOJOKERTO,2024,0.3076923076923077,0.0,0.4655708573967125,1.790341578327444,0.8405197873597164,0.13769323877415,-0.2566476265511128,0.203756171955089,1,1
35,JAWA TIMUR,3517,KABUPATEN JOMBANG,2024,0.6153846153846154,0.2307692307692307,1.3274100399822302,1.5217903415783274,0.9893679858239812,1.5064021902860307,-0.1865274768564112,0.5668487297247629,1,1
35,JAWA TIMUR,3518,KABUPATEN NGANJUK,2024,0.0,-0.2307692307692307,0.145713016437139,0.4098939929328622,0.1730655640874187,0.8154926382209421,0.2152846168997439,0.1645970820555386,1,1
35,JAWA TIMUR,3519,KABUPATEN MADIUN,2024,0.7692307692307693,-0.5384615384615384,-0.0835184362505553,-0.094228504122497,-0.3431777909037212,-0.1784327843997074,-0.26610202875714,-0.4867851136232,1,1
35,JAWA TIMUR,3520,KABUPATEN MAGETAN,2024,-0.1538461538461538,0.0769230769230769,0.094180364282541,-0.0047114252061248,-0.1470761961015948,0.8062490224453591,-0.1837699428796533,-0.6127962081180207,1,1
35,JAWA TIMUR,3521,KABUPATEN NGAWI,2024,-0.2307692307692307,0.3076923076923077,0.1119502443358507,0.4428739693757361,0.2652096869462492,1.1634471359586518,-0.1380736655505219,-0.2668688492749558,1,1
35,JAWA TIMUR,3522,KABUPATEN BOJONEGORO,2024,0.2307692307692307,0.6923076923076923,1.2101288316303864,1.1024734982332156,0.8795038393384524,0.2043769084332494,-0.0695292495568248,0.5017031939568187,1,1
35,JAWA TIMUR,3523,KABUPATEN TUBAN,2024,1.4615384615384617,-0.6923076923076923,0.3571745890715238,0.800942285041225,0.2356763142350856,-0.0951387880999719,0.0202875714004333,0.3273442106647551,1,1
35,JAWA TIMUR,3524,KABUPATEN LAMONGAN,2024,-0.3846153846153846,1.0769230769230769,1.430475344291426,1.7196702002355713,1.7773183697578263,1.5162488956274598,0.0151664368721686,0.5937618942687153,1,1
35,JAWA TIMUR,3525,KABUPATEN GRESIK,2024,0.7692307692307693,-0.0769230769230769,1.0821856952465572,2.402826855123675,1.3768458357944475,0.3000088772529552,-0.1254677959424857,0.5691515907944784,1,1
35,JAWA TIMUR,3526,KABUPATEN BANGKALAN,2024,-0.4615384615384615,0.3846153846153846,0.7712127943136384,0.1177856301531213,0.0301240401653868,-0.1203107320351877,-0.2590112271026196,0.1136362646617955,1,1
35,JAWA TIMUR,3527,KABUPATEN SAMPANG,2024,-0.3846153846153846,0.3076923076923077,0.3269657929808974,-0.1083627797408716,-0.0324867099822799,0.8834332141714776,-0.0092574354934016,-0.0366384847801264,1,1
35,JAWA TIMUR,3528,KABUPATEN PAMEKASAN,2024,-0.4615384615384615,0.3076923076923077,0.2487783207463349,0.3156654888103651,0.2155936207914943,0.8325256911927787,0.0238329722276935,-0.2658045163599814,1,1
35,JAWA TIMUR,3529,KABUPATEN SUMENEP,2024,-0.4615384615384615,1.0,1.0039982230119946,0.1319199057714958,0.4459539279385706,0.9994124103996314,0.2944652353752215,0.2018940248419831,1,1
35,JAWA TIMUR,3571,KOTA KEDIRI,2024,0.0,-1.0769230769230769,-0.1901377165704131,1.1307420494699647,0.6774955699940933,-0.3701194483703195,-0.2534961591491038,-1.2874073390196463,1,1
35,JAWA TIMUR,3572,KOTA BLITAR,2024,-0.2307692307692307,-1.3076923076923077,-0.9115948467347844,-0.1837455830388692,-0.4412285883047844,-0.2195274201434733,-0.3815245223557219,-1.537133634749163,1,1
35,JAWA TIMUR,3573,KOTA MALANG,2024,0.7692307692307693,-1.3076923076923077,0.394491337183474,3.1849234393404005,3.211458948611932,0.0086940715450224,0.0584991136497931,-0.2867131709891763,1,1
35,JAWA TIMUR,3574,KOTA PROBOLINGGO,2024,-0.1538461538461538,-1.1538461538461535,-0.6486006219458018,0.0141342756183745,-0.7164796219728293,-0.2501271701713028,-0.2298601536340358,-1.3722195173572491,1,1
35,JAWA TIMUR,3575,KOTA PASURUAN,2024,0.1538461538461538,-1.3076923076923077,-0.7498889382496668,-0.0895170789163722,-0.7672770230360307,-0.4163206181949867,-0.3571006499901517,-1.4247341562897111,1,1
35,JAWA TIMUR,3576,KOTA MOJOKERTO,2024,0.0,-1.3076923076923077,-0.8103065304309196,0.0,-0.3041937389249852,-0.4322940371632808,-0.4193421311798306,-1.5675725109459937,1,1
35,JAWA TIMUR,3577,KOTA MADIUN,2024,0.0,-1.3076923076923077,-0.6183918258551755,0.5041224970553593,0.2734790313053751,-0.3885897708682376,-0.1723458735473705,-1.4554360672985889,1,1
35,JAWA TIMUR,3578,KOTA SURABAYA,2024,2.6153846153846154,0.4615384615384615,2.427365615282097,17.19199057714959,12.351447135262848,4.275868385565868,0.435493401615127,3.2830733614542518,1,2
35,JAWA TIMUR,3579,KOTA BATU,2024,-0.3076923076923077,-1.0769230769230769,-0.9702354509107064,-0.127208480565371,-0.7200236266981689,-0.1907651205685951,-0.268859562733898,-1.4189979070441945,1,1
