kode_provinsi,nama_provinsi,kode_kabupaten_kota,nama_kabupaten_kota,tahun,JUMLAH_PENYAKIT_TIDAK_MENULAR
35,JAWA TIMUR,3501,KABUPATEN PACITAN,2018,41173
35,JAWA TIMUR,3502,KABUPATEN PONOROGO,2018,46778
35,JAWA TIMUR,3503,KABUPATEN TRENGGALEK,2018,40464
35,JAWA TIMUR,3504,KABUPATEN TULUNGAGUNG,2018,114929
35,JAWA TIMUR,3505,KABUPATEN BLITAR,2018,65232
35,JAWA TIMUR,3506,KABUPATEN KEDIRI,2018,43288
35,JAWA TIMUR,3507,KABUPATEN MALANG,2018,296972
35,JAWA TIMUR,3508,KABUPATEN LUMAJANG,2018,64334
35,JAWA TIMUR,3509,KABUPATEN JEMBER,2018,81963
35,JAWA TIMUR,3510,KABUPATEN BANYUWANGI,2018,175108
35,JAWA TIMUR,3511,KABUPATEN BONDOWOSO,2018,92623
35,JAWA TIMUR,3512,KABUPATEN SITUBONDO,2018,71467
35,JAWA TIMUR,3513,KABUPATEN PROBOLINGGO,2018,45539
35,JAWA TIMUR,3514,KABUPATEN PASURUAN,2018,294756
35,JAWA TIMUR,3515,KABUPATEN SIDOARJO,2018,194441
35,JAWA TIMUR,3516,KABUPATEN MOJOKERTO,2018,46130
35,JAWA TIMUR,3517,KABUPATEN JOMBANG,2018,53299
35,JAWA TIMUR,3518,KABUPATEN NGANJUK,2018,74774
35,JAWA TIMUR,3519,KABUPATEN MADIUN,2018,90553
35,JAWA TIMUR,3520,KABUPATEN MAGETAN,2018,105269
35,JAWA TIMUR,3521,KABUPATEN NGAWI,2018,158925
35,JAWA TIMUR,3522,KABUPATEN BOJONEGORO,2018,176376
35,JAWA TIMUR,3523,KABUPATEN TUBAN,2018,80538
35,JAWA TIMUR,3524,KABUPATEN LAMONGAN,2018,103939
35,JAWA TIMUR,3525,KABUPATEN GRESIK,2018,92798
35,JAWA TIMUR,3526,KABUPATEN BANGKALAN,2018,54345
35,JAWA TIMUR,3527,KABUPATEN SAMPANG,2018,28090
35,JAWA TIMUR,3528,KABUPATEN PAMEKASAN,2018,87549
35,JAWA TIMUR,3529,KABUPATEN SUMENEP,2018,58834
35,JAWA TIMUR,3571,KOTA KEDIRI,2018,13935
35,JAWA TIMUR,3572,KOTA BLITAR,2018,17175
35,JAWA TIMUR,3573,KOTA MALANG,2018,63169
35,JAWA TIMUR,3574,KOTA PROBOLINGGO,2018,23470
35,JAWA TIMUR,3575,KOTA PASURUAN,2018,28737
35,JAWA TIMUR,3576,KOTA MOJOKERTO,2018,47736
35,JAWA TIMUR,3577,KOTA MADIUN,2018,26210
35,JAWA TIMUR,3578,KOTA SURABAYA,2018,489229
35,JAWA TIMUR,3579,KOTA BATU,2018,13292
35,JAWA TIMUR,3501,KABUPATEN PACITAN,2019,29288
35,JAWA TIMUR,3502,KABUPATEN PONOROGO,2019,61691
35,JAWA TIMUR,3503,KABUPATEN TRENGGALEK,2019,72714
35,JAWA TIMUR,3504,KABUPATEN TULUNGAGUNG,2019,71059
35,JAWA TIMUR,3505,KABUPATEN BLITAR,2019,216193
35,JAWA TIMUR,3506,KABUPATEN KEDIRI,2019,109213
35,JAWA TIMUR,3507,KABUPATEN MALANG,2019,229420
35,JAWA TIMUR,3508,KABUPATEN LUMAJANG,2019,149053
35,JAWA TIMUR,3509,KABUPATEN JEMBER,2019,392779
35,JAWA TIMUR,3510,KABUPATEN BANYUWANGI,2019,372277
35,JAWA TIMUR,3511,KABUPATEN BONDOWOSO,2019,86686
35,JAWA TIMUR,3512,KABUPATEN SITUBONDO,2019,135182
35,JAWA TIMUR,3513,KABUPATEN PROBOLINGGO,2019,95753
35,JAWA TIMUR,3514,KABUPATEN PASURUAN,2019,426749
35,JAWA TIMUR,3515,KABUPATEN SIDOARJO,2019,404269
35,JAWA TIMUR,3516,KABUPATEN MOJOKERTO,2019,107086
35,JAWA TIMUR,3517,KABUPATEN JOMBANG,2019,143479
35,JAWA TIMUR,3518,KABUPATEN NGANJUK,2019,46202
35,JAWA TIMUR,3519,KABUPATEN MADIUN,2019,35019
35,JAWA TIMUR,3520,KABUPATEN MAGETAN,2019,121267
35,JAWA TIMUR,3521,KABUPATEN NGAWI,2019,112256
35,JAWA TIMUR,3522,KABUPATEN BOJONEGORO,2019,242645
35,JAWA TIMUR,3523,KABUPATEN TUBAN,2019,103215
35,JAWA TIMUR,3524,KABUPATEN LAMONGAN,2019,337121
35,JAWA TIMUR,3525,KABUPATEN GRESIK,2019,99174
35,JAWA TIMUR,3526,KABUPATEN BANGKALAN,2019,87320
35,JAWA TIMUR,3527,KABUPATEN SAMPANG,2019,215980
35,JAWA TIMUR,3528,KABUPATEN PAMEKASAN,2019,92792
35,JAWA TIMUR,3529,KABUPATEN SUMENEP,2019,61421
35,JAWA TIMUR,3571,KOTA KEDIRI,2019,27238
35,JAWA TIMUR,3572,KOTA BLITAR,2019,43169
35,JAWA TIMUR,3573,KOTA MALANG,2019,79842
35,JAWA TIMUR,3574,KOTA PROBOLINGGO,2019,26635
35,JAWA TIMUR,3575,KOTA PASURUAN,2019,46150
35,JAWA TIMUR,3576,KOTA MOJOKERTO,2019,21648
35,JAWA TIMUR,3577,KOTA MADIUN,2019,68426
35,JAWA TIMUR,3578,KOTA SURABAYA,2019,617181
35,JAWA TIMUR,3579,KOTA BATU,2019,12982
35,JAWA TIMUR,3501,KABUPATEN PACITAN,2020,46806
35,JAWA TIMUR,3502,KABUPATEN PONOROGO,2020,55887
35,JAWA TIMUR,3503,KABUPATEN TRENGGALEK,2020,80120
35,JAWA TIMUR,3504,KABUPATEN TULUNGAGUNG,2020,84288
35,JAWA TIMUR,3505,KABUPATEN BLITAR,2020,142546
35,JAWA TIMUR,3506,KABUPATEN KEDIRI,2020,62406
35,JAWA TIMUR,3507,KABUPATEN MALANG,2020,188607
35,JAWA TIMUR,3508,KABUPATEN LUMAJANG,2020,103121
35,JAWA TIMUR,3509,KABUPATEN JEMBER,2020,219352
35,JAWA TIMUR,3510,KABUPATEN BANYUWANGI,2020,278525
35,JAWA TIMUR,3511,KABUPATEN BONDOWOSO,2020,40626
35,JAWA TIMUR,3512,KABUPATEN SITUBONDO,2020,122002
35,JAWA TIMUR,3513,KABUPATEN PROBOLINGGO,2020,39964
35,JAWA TIMUR,3514,KABUPATEN PASURUAN,2020,298846
35,JAWA TIMUR,3515,KABUPATEN SIDOARJO,2020,294723
35,JAWA TIMUR,3516,KABUPATEN MOJOKERTO,2020,189052
35,JAWA TIMUR,3517,KABUPATEN JOMBANG,2020,144728
35,JAWA TIMUR,3518,KABUPATEN NGANJUK,2020,64808
35,JAWA TIMUR,3519,KABUPATEN MADIUN,2020,24687
35,JAWA TIMUR,3520,KABUPATEN MAGETAN,2020,130396
35,JAWA TIMUR,3521,KABUPATEN NGAWI,2020,100336
35,JAWA TIMUR,3522,KABUPATEN BOJONEGORO,2020,214112
35,JAWA TIMUR,3523,KABUPATEN TUBAN,2020,69020
35,JAWA TIMUR,3524,KABUPATEN LAMONGAN,2020,328352
35,JAWA TIMUR,3525,KABUPATEN GRESIK,2020,77029
35,JAWA TIMUR,3526,KABUPATEN BANGKALAN,2020,98402
35,JAWA TIMUR,3527,KABUPATEN SAMPANG,2020,39730
35,JAWA TIMUR,3528,KABUPATEN PAMEKASAN,2020,108805
35,JAWA TIMUR,3529,KABUPATEN SUMENEP,2020,138830
35,JAWA TIMUR,3571,KOTA KEDIRI,2020,19723
35,JAWA TIMUR,3572,KOTA BLITAR,2020,6000
35,JAWA TIMUR,3573,KOTA MALANG,2020,54560
35,JAWA TIMUR,3574,KOTA PROBOLINGGO,2020,17026
35,JAWA TIMUR,3575,KOTA PASURUAN,2020,31897
35,JAWA TIMUR,3576,KOTA MOJOKERTO,2020,22084
35,JAWA TIMUR,3577,KOTA MADIUN,2020,46707
35,JAWA TIMUR,3578,KOTA SURABAYA,2020,707155
35,JAWA TIMUR,3579,KOTA BATU,2020,14214
35,JAWA TIMUR,3501,KABUPATEN PACITAN,2021,99
35,JAWA TIMUR,3502,KABUPATEN PONOROGO,2021,31
35,JAWA TIMUR,3503,KABUPATEN TRENGGALEK,2021,51
35,JAWA TIMUR,3504,KABUPATEN TULUNGAGUNG,2021,31
35,JAWA TIMUR,3505,KABUPATEN BLITAR,2021,88
35,JAWA TIMUR,3506,KABUPATEN KEDIRI,2021,114
35,JAWA TIMUR,3507,KABUPATEN MALANG,2021,129
35,JAWA TIMUR,3508,KABUPATEN LUMAJANG,2021,89
35,JAWA TIMUR,3509,KABUPATEN JEMBER,2021,200
35,JAWA TIMUR,3510,KABUPATEN BANYUWANGI,2021,365
35,JAWA TIMUR,3511,KABUPATEN BONDOWOSO,2021,35
35,JAWA TIMUR,3512,KABUPATEN SITUBONDO,2021,134
35,JAWA TIMUR,3513,KABUPATEN PROBOLINGGO,2021,44
35,JAWA TIMUR,3514,KABUPATEN PASURUAN,2021,261
35,JAWA TIMUR,3515,KABUPATEN SIDOARJO,2021,292
35,JAWA TIMUR,3516,KABUPATEN MOJOKERTO,2021,145
35,JAWA TIMUR,3517,KABUPATEN JOMBANG,2021,251
35,JAWA TIMUR,3518,KABUPATEN NGANJUK,2021,67
35,JAWA TIMUR,3519,KABUPATEN MADIUN,2021,31
35,JAWA TIMUR,3520,KABUPATEN MAGETAN,2021,94
35,JAWA TIMUR,3521,KABUPATEN NGAWI,2021,162
35,JAWA TIMUR,3522,KABUPATEN BOJONEGORO,2021,170
35,JAWA TIMUR,3523,KABUPATEN TUBAN,2021,50
35,JAWA TIMUR,3524,KABUPATEN LAMONGAN,2021,250
35,JAWA TIMUR,3525,KABUPATEN GRESIK,2021,51
35,JAWA TIMUR,3526,KABUPATEN BANGKALAN,2021,69
35,JAWA TIMUR,3527,KABUPATEN SAMPANG,2021,13
35,JAWA TIMUR,3528,KABUPATEN PAMEKASAN,2021,223
35,JAWA TIMUR,3529,KABUPATEN SUMENEP,2021,42
35,JAWA TIMUR,3571,KOTA KEDIRI,2021,22
35,JAWA TIMUR,3572,KOTA BLITAR,2021,8
35,JAWA TIMUR,3573,KOTA MALANG,2021,62
35,JAWA TIMUR,3574,KOTA PROBOLINGGO,2021,21
35,JAWA TIMUR,3575,KOTA PASURUAN,2021,51
35,JAWA TIMUR,3576,KOTA MOJOKERTO,2021,36
35,JAWA TIMUR,3577,KOTA MADIUN,2021,49
35,JAWA TIMUR,3578,KOTA SURABAYA,2021,479
35,JAWA TIMUR,3579,KOTA BATU,2021,11
35,JAWA TIMUR,3501,KABUPATEN PACITAN,2022,96220
35,JAWA TIMUR,3502,KABUPATEN PONOROGO,2022,83167
35,JAWA TIMUR,3503,KABUPATEN TRENGGALEK,2022,214529
35,JAWA TIMUR,3504,KABUPATEN TULUNGAGUNG,2022,136041
35,JAWA TIMUR,3505,KABUPATEN BLITAR,2022,352263
35,JAWA TIMUR,3506,KABUPATEN KEDIRI,2022,178368
35,JAWA TIMUR,3507,KABUPATEN MALANG,2022,250173
35,JAWA TIMUR,3508,KABUPATEN LUMAJANG,2022,144578
35,JAWA TIMUR,3509,KABUPATEN JEMBER,2022,306496
35,JAWA TIMUR,3510,KABUPATEN BANYUWANGI,2022,352612
35,JAWA TIMUR,3511,KABUPATEN BONDOWOSO,2022,40242
35,JAWA TIMUR,3512,KABUPATEN SITUBONDO,2022,135378
35,JAWA TIMUR,3513,KABUPATEN PROBOLINGGO,2022,63192
35,JAWA TIMUR,3514,KABUPATEN PASURUAN,2022,363060
35,JAWA TIMUR,3515,KABUPATEN SIDOARJO,2022,504944
35,JAWA TIMUR,3516,KABUPATEN MOJOKERTO,2022,201314
35,JAWA TIMUR,3517,KABUPATEN JOMBANG,2022,257619
35,JAWA TIMUR,3518,KABUPATEN NGANJUK,2022,103271
35,JAWA TIMUR,3519,KABUPATEN MADIUN,2022,59266
35,JAWA TIMUR,3520,KABUPATEN MAGETAN,2022,188106
35,JAWA TIMUR,3521,KABUPATEN NGAWI,2022,215113
35,JAWA TIMUR,3522,KABUPATEN BOJONEGORO,2022,278630
35,JAWA TIMUR,3523,KABUPATEN TUBAN,2022,224226
35,JAWA TIMUR,3524,KABUPATEN LAMONGAN,2022,336384
35,JAWA TIMUR,3525,KABUPATEN GRESIK,2022,86211
35,JAWA TIMUR,3526,KABUPATEN BANGKALAN,2022,135615
35,JAWA TIMUR,3527,KABUPATEN SAMPANG,2022,80417
35,JAWA TIMUR,3528,KABUPATEN PAMEKASAN,2022,162086
35,JAWA TIMUR,3529,KABUPATEN SUMENEP,2022,252726
35,JAWA TIMUR,3571,KOTA KEDIRI,2022,38213
35,JAWA TIMUR,3572,KOTA BLITAR,2022,37174
35,JAWA TIMUR,3573,KOTA MALANG,2022,128549
35,JAWA TIMUR,3574,KOTA PROBOLINGGO,2022,30929
35,JAWA TIMUR,3575,KOTA PASURUAN,2022,52408
35,JAWA TIMUR,3576,KOTA MOJOKERTO,2022,33250
35,JAWA TIMUR,3577,KOTA MADIUN,2022,38735
35,JAWA TIMUR,3578,KOTA SURABAYA,2022,686072
35,JAWA TIMUR,3579,KOTA BATU,2022,30868
35,JAWA TIMUR,3501,KABUPATEN PACITAN,2023,99836
35,JAWA TIMUR,3502,KABUPATEN PONOROGO,2023,149775
35,JAWA TIMUR,3503,KABUPATEN TRENGGALEK,2023,224076
35,JAWA TIMUR,3504,KABUPATEN TULUNGAGUNG,2023,258200
35,JAWA TIMUR,3505,KABUPATEN BLITAR,2023,390004
35,JAWA TIMUR,3506,KABUPATEN KEDIRI,2023,439943
35,JAWA TIMUR,3507,KABUPATEN MALANG,2023,830242
35,JAWA TIMUR,3508,KABUPATEN LUMAJANG,2023,230032
35,JAWA TIMUR,3509,KABUPATEN JEMBER,2023,198428
35,JAWA TIMUR,3510,KABUPATEN BANYUWANGI,2023,455903
35,JAWA TIMUR,3511,KABUPATEN BONDOWOSO,2023,180030
35,JAWA TIMUR,3512,KABUPATEN SITUBONDO,2023,164379
35,JAWA TIMUR,3513,KABUPATEN PROBOLINGGO,2023,130325
35,JAWA TIMUR,3514,KABUPATEN PASURUAN,2023,505627
35,JAWA TIMUR,3515,KABUPATEN SIDOARJO,2023,662541
35,JAWA TIMUR,3516,KABUPATEN MOJOKERTO,2023,356418
35,JAWA TIMUR,3517,KABUPATEN JOMBANG,2023,330604
35,JAWA TIMUR,3518,KABUPATEN NGANJUK,2023,185045
35,JAWA TIMUR,3519,KABUPATEN MADIUN,2023,130410
35,JAWA TIMUR,3520,KABUPATEN MAGETAN,2023,218321
35,JAWA TIMUR,3521,KABUPATEN NGAWI,2023,262065
35,JAWA TIMUR,3522,KABUPATEN BOJONEGORO,2023,332551
35,JAWA TIMUR,3523,KABUPATEN TUBAN,2023,283784
35,JAWA TIMUR,3524,KABUPATEN LAMONGAN,2023,360644
35,JAWA TIMUR,3525,KABUPATEN GRESIK,2023,268912
35,JAWA TIMUR,3526,KABUPATEN BANGKALAN,2023,301530
35,JAWA TIMUR,3527,KABUPATEN SAMPANG,2023,292124
35,JAWA TIMUR,3528,KABUPATEN PAMEKASAN,2023,236875
35,JAWA TIMUR,3529,KABUPATEN SUMENEP,2023,264042
35,JAWA TIMUR,3571,KOTA KEDIRI,2023,93610
35,JAWA TIMUR,3572,KOTA BLITAR,2023,52488
35,JAWA TIMUR,3573,KOTA MALANG,2023,223649
35,JAWA TIMUR,3574,KOTA PROBOLINGGO,2023,39805
35,JAWA TIMUR,3575,KOTA PASURUAN,2023,58612
35,JAWA TIMUR,3576,KOTA MOJOKERTO,2023,42763
35,JAWA TIMUR,3577,KOTA MADIUN,2023,50711
35,JAWA TIMUR,3578,KOTA SURABAYA,2023,875411
35,JAWA TIMUR,3579,KOTA BATU,2023,47114
35,JAWA TIMUR,3501,KABUPATEN PACITAN,2024,124298
35,JAWA TIMUR,3502,KABUPATEN PONOROGO,2024,172338
35,JAWA TIMUR,3503,KABUPATEN TRENGGALEK,2024,64480
35,JAWA TIMUR,3504,KABUPATEN TULUNGAGUNG,2024,296597
35,JAWA TIMUR,3505,KABUPATEN BLITAR,2024,391130
35,JAWA TIMUR,3506,KABUPATEN KEDIRI,2024,120174
35,JAWA TIMUR,3507,KABUPATEN MALANG,2024,247869
35,JAWA TIMUR,3508,KABUPATEN LUMAJANG,2024,274601
35,JAWA TIMUR,3509,KABUPATEN JEMBER,2024,184554
35,JAWA TIMUR,3510,KABUPATEN BANYUWANGI,2024,132739
35,JAWA TIMUR,3511,KABUPATEN BONDOWOSO,2024,83309
35,JAWA TIMUR,3512,KABUPATEN SITUBONDO,2024,164007
35,JAWA TIMUR,3513,KABUPATEN PROBOLINGGO,2024,104769
35,JAWA TIMUR,3514,KABUPATEN PASURUAN,2024,108643
35,JAWA TIMUR,3515,KABUPATEN SIDOARJO,2024,130584
35,JAWA TIMUR,3516,KABUPATEN MOJOKERTO,2024,117137
35,JAWA TIMUR,3517,KABUPATEN JOMBANG,2024,359973
35,JAWA TIMUR,3518,KABUPATEN NGANJUK,2024,237392
35,JAWA TIMUR,3519,KABUPATEN MADIUN,2024,61050
35,JAWA TIMUR,3520,KABUPATEN MAGETAN,2024,235752
35,JAWA TIMUR,3521,KABUPATEN NGAWI,2024,299126
35,JAWA TIMUR,3522,KABUPATEN BOJONEGORO,2024,128968
35,JAWA TIMUR,3523,KABUPATEN TUBAN,2024,75828
35,JAWA TIMUR,3524,KABUPATEN LAMONGAN,2024,361720
35,JAWA TIMUR,3525,KABUPATEN GRESIK,2024,145935
35,JAWA TIMUR,3526,KABUPATEN BANGKALAN,2024,71362
35,JAWA TIMUR,3527,KABUPATEN SAMPANG,2024,249446
35,JAWA TIMUR,3528,KABUPATEN PAMEKASAN,2024,240414
35,JAWA TIMUR,3529,KABUPATEN SUMENEP,2024,270023
35,JAWA TIMUR,3571,KOTA KEDIRI,2024,27041
35,JAWA TIMUR,3572,KOTA BLITAR,2024,53759
35,JAWA TIMUR,3573,KOTA MALANG,2024,94250
35,JAWA TIMUR,3574,KOTA PROBOLINGGO,2024,48330
35,JAWA TIMUR,3575,KOTA PASURUAN,2024,18844
35,JAWA TIMUR,3576,KOTA MOJOKERTO,2024,16010
35,JAWA TIMUR,3577,KOTA MADIUN,2024,23764
35,JAWA TIMUR,3578,KOTA SURABAYA,2024,851331
35,JAWA TIMUR,3579,KOTA BATU,2024,58862
