no,kabupaten/kota,tahun,jumlah
1,KABUPATEN PACITAN,2018,554394
2,KABUPATEN PONOROGO,2018,870705
3,KABUPATEN TRENGGALEK,2018,694902
4,KABUPATEN TULUNGAGUNG,2018,1035290
5,KABUPATEN BLITAR,2018,1157500
6,KABUPATEN KEDIRI,2018,1568113
7,KABUPATEN MALANG,2018,2591795
8,KABUPATEN LUMAJANG,2018,1039794
9,KABUPATEN JEMBER,2018,2440714
10,KABUPATEN BANYUWANGI,2018,1609677
11,KABUPATEN BONDOWOSO,2018,772297
12,KABUPATEN SITUBONDO,2018,679993
13,KABUPATEN PROBOLINGGO,2018,1162092
14,KABUPATEN PASURUAN,2018,1616578
15,KABUPATEN SIDOARJO,2018,2216804
16,KABUPATEN MOJOKERTO,2018,1108718
17,KABUPATEN JOMBANG,2018,1258618
18,KABUPATEN NGANJUK,2018,1051900
19,KABUPATEN MADIUN,2018,681394
20,KABUPATEN MAGETAN,2018,628924
21,KABUPATEN NGAWI,2018,830090
22,KABUPATEN BOJONEGORO,2018,1246927
23,KABUPATEN TUBAN,2018,1168277
24,KABUPATEN LAMONGAN,2018,1188913
25,KABUPATEN GRESIK,2018,1299024
26,KABUPATEN BANGKALAN,2018,978892
27,KABUPATEN SAMPANG,2018,968520
28,KABUPATEN PAMEKASAN,2018,871497
29,KABUPATEN SUMENEP,2018,1085227
30,KOTA KEDIRI,2018,285582
31,KOTA BLITAR,2018,140971
32,KOTA MALANG,2018,866118
33,KOTA PROBOLINGGO,2018,235211
34,KOTA PASURUAN,2018,199078
35,KOTA MOJOKERTO,2018,128282
36,KOTA MADIUN,2018,176697
37,KOTA SURABAYA,2018,2885555
38,KOTA BATU,2018,205788
39,KABUPATEN PACITAN,2019,555304
40,KABUPATEN PONOROGO,2019,871370
41,KABUPATEN TRENGGALEK,2019,696295
42,KABUPATEN TULUNGAGUNG,2019,1039284
43,KABUPATEN BLITAR,2019,1160677
44,KABUPATEN KEDIRI,2019,1574272
45,KABUPATEN MALANG,2019,2606204
46,KABUPATEN LUMAJANG,2019,1042395
47,KABUPATEN JEMBER,2019,2450668
48,KABUPATEN BANYUWANGI,2019,1613991
49,KABUPATEN BONDOWOSO,2019,775715
50,KABUPATEN SITUBONDO,2019,682978
51,KABUPATEN PROBOLINGGO,2019,1168503
52,KABUPATEN PASURUAN,2019,1627396
53,KABUPATEN SIDOARJO,2019,2249476
54,KABUPATEN MOJOKERTO,2019,1117688
55,KABUPATEN JOMBANG,2019,1263814
56,KABUPATEN NGANJUK,2019,1054611
57,KABUPATEN MADIUN,2019,682684
58,KABUPATEN MAGETAN,2019,628977
59,KABUPATEN NGAWI,2019,830108
60,KABUPATEN BOJONEGORO,2019,1249692
61,KABUPATEN TUBAN,2019,1172790
62,KABUPATEN LAMONGAN,2019,1189106
63,KABUPATEN GRESIK,2019,1312881
64,KABUPATEN BANGKALAN,2019,986672
65,KABUPATEN SAMPANG,2019,978875
66,KABUPATEN PAMEKASAN,2019,879992
67,KABUPATEN SUMENEP,2019,1088910
68,KOTA KEDIRI,2019,287409
69,KOTA BLITAR,2019,141876
70,KOTA MALANG,2019,870682
71,KOTA PROBOLINGGO,2019,237208
72,KOTA PASURUAN,2019,200422
73,KOTA MOJOKERTO,2019,129014
74,KOTA MADIUN,2019,177007
75,KOTA SURABAYA,2019,2896195
76,KOTA BATU,2019,207490
77,KABUPATEN PACITAN,2020,555984
78,KABUPATEN PONOROGO,2020,871825
79,KABUPATEN TRENGGALEK,2020,697600
80,KABUPATEN TULUNGAGUNG,2020,1043182
81,KABUPATEN BLITAR,2020,1163789
82,KABUPATEN KEDIRI,2020,1580092
83,KABUPATEN MALANG,2020,2619975
84,KABUPATEN LUMAJANG,2020,1044718
85,KABUPATEN JEMBER,2020,2459890
86,KABUPATEN BANYUWANGI,2020,1617814
87,KABUPATEN BONDOWOSO,2020,778789
88,KABUPATEN SITUBONDO,2020,685776
89,KABUPATEN PROBOLINGGO,2020,1174890
90,KABUPATEN PASURUAN,2020,1637682
91,KABUPATEN SIDOARJO,2020,2282215
92,KABUPATEN MOJOKERTO,2020,1126392
93,KABUPATEN JOMBANG,2020,1268504
94,KABUPATEN NGANJUK,2020,1057011
95,KABUPATEN MADIUN,2020,683784
96,KABUPATEN MAGETAN,2020,629020
97,KABUPATEN NGAWI,2020,830134
98,KABUPATEN BOJONEGORO,2020,1252020
99,KABUPATEN TUBAN,2020,1177016
100,KABUPATEN LAMONGAN,2020,1189380
101,KABUPATEN GRESIK,2020,1326420
102,KABUPATEN BANGKALAN,2020,994212
103,KABUPATEN SAMPANG,2020,989001
104,KABUPATEN PAMEKASAN,2020,888214
105,KABUPATEN SUMENEP,2020,1092387
106,KOTA KEDIRI,2020,289109
107,KOTA BLITAR,2020,142798
108,KOTA MALANG,2020,874890
109,KOTA PROBOLINGGO,2020,239024
110,KOTA PASURUAN,2020,201585
111,KOTA MOJOKERTO,2020,129891
112,KOTA MADIUN,2020,177399
113,KOTA SURABAYA,2020,2904751
114,KOTA BATU,2020,209125
115,KABUPATEN PACITAN,2021,557164
116,KABUPATEN PONOROGO,2021,877121
117,KABUPATEN TRENGGALEK,2021,699526
118,KABUPATEN TULUNGAGUNG,2021,1047645
119,KABUPATEN BLITAR,2021,1167796
120,KABUPATEN KEDIRI,2021,1587132
121,KABUPATEN MALANG,2021,2637160
122,KABUPATEN LUMAJANG,2021,1047482
123,KABUPATEN JEMBER,2021,2471542
124,KABUPATEN BANYUWANGI,2021,1622536
125,KABUPATEN BONDOWOSO,2021,782676
126,KABUPATEN SITUBONDO,2021,689361
127,KABUPATEN PROBOLINGGO,2021,1182298
128,KABUPATEN PASURUAN,2021,1650256
129,KABUPATEN SIDOARJO,2021,2321549
130,KABUPATEN MOJOKERTO,2021,1136879
131,KABUPATEN JOMBANG,2021,1274197
132,KABUPATEN NGANJUK,2021,1060086
133,KABUPATEN MADIUN,2021,685490
134,KABUPATEN MAGETAN,2021,636148
135,KABUPATEN NGAWI,2021,840327
136,KABUPATEN BOJONEGORO,2021,1255119
137,KABUPATEN TUBAN,2021,1182070
138,KABUPATEN LAMONGAN,2021,1204437
139,KABUPATEN GRESIK,2021,1342628
140,KABUPATEN BANGKALAN,2021,1003188
141,KABUPATEN SAMPANG,2021,1001140
142,KABUPATEN PAMEKASAN,2021,898130
143,KABUPATEN SUMENEP,2021,1096701
144,KOTA KEDIRI,2021,291256
145,KOTA BLITAR,2021,143840
146,KOTA MALANG,2021,880169
147,KOTA PROBOLINGGO,2021,241423
148,KOTA PASURUAN,2021,203244
149,KOTA MOJOKERTO,2021,131216
150,KOTA MADIUN,2021,177972
151,KOTA SURABAYA,2021,2918543
152,KOTA BATU,2021,211225
153,KABUPATEN PACITAN,2022,557765
154,KABUPATEN PONOROGO,2022,878068
155,KABUPATEN TRENGGALEK,2022,700716
156,KABUPATEN TULUNGAGUNG,2022,1051302
157,KABUPATEN BLITAR,2022,1170647
158,KABUPATEN KEDIRI,2022,1592699
159,KABUPATEN MALANG,2022,2650825
160,KABUPATEN LUMAJANG,2022,1049583
161,KABUPATEN JEMBER,2022,2480477
162,KABUPATEN BANYUWANGI,2022,1626064
163,KABUPATEN BONDOWOSO,2022,785692
164,KABUPATEN SITUBONDO,2022,692143
165,KABUPATEN PROBOLINGGO,2022,1188469
166,KABUPATEN PASURUAN,2022,1660602
167,KABUPATEN SIDOARJO,2022,2355415
168,KABUPATEN MOJOKERTO,2022,1145650
169,KABUPATEN JOMBANG,2022,1278825
170,KABUPATEN NGANJUK,2022,1062357
171,KABUPATEN MADIUN,2022,686525
172,KABUPATEN MAGETAN,2022,637108
173,KABUPATEN NGAWI,2022,841595
174,KABUPATEN BOJONEGORO,2022,1257262
175,KABUPATEN TUBAN,2022,1186077
176,KABUPATEN LAMONGAN,2022,1206257
177,KABUPATEN GRESIK,2022,1356453
178,KABUPATEN BANGKALAN,2022,1010737
179,KABUPATEN SAMPANG,2022,1011438
180,KABUPATEN PAMEKASAN,2022,906496
181,KABUPATEN SUMENEP,2022,1099979
182,KOTA KEDIRI,2022,292927
183,KOTA BLITAR,2022,144727
184,KOTA MALANG,2022,884360
185,KOTA PROBOLINGGO,2022,243356
186,KOTA PASURUAN,2022,204520
187,KOTA MOJOKERTO,2022,132045
188,KOTA MADIUN,2022,178333
189,KOTA SURABAYA,2022,2928058
190,KOTA BATU,2022,212889
191,KABUPATEN PACITAN,2023,558220
192,KABUPATEN PONOROGO,2023,878785
193,KABUPATEN TRENGGALEK,2023,701723
194,KABUPATEN TULUNGAGUNG,2023,1054696
195,KABUPATEN BLITAR,2023,1173198
196,KABUPATEN KEDIRI,2023,1597867
197,KABUPATEN MALANG,2023,2663862
198,KABUPATEN LUMAJANG,2023,1051412
199,KABUPATEN JEMBER,2023,2488791
200,KABUPATEN BANYUWANGI,2023,1629172
201,KABUPATEN BONDOWOSO,2023,788512
202,KABUPATEN SITUBONDO,2023,694754
203,KABUPATEN PROBOLINGGO,2023,1194358
204,KABUPATEN PASURUAN,2023,1670573
205,KABUPATEN SIDOARJO,2023,2389147
206,KABUPATEN MOJOKERTO,2023,1154185
207,KABUPATEN JOMBANG,2023,1283132
208,KABUPATEN NGANJUK,2023,1064353
209,KABUPATEN MADIUN,2023,687381
210,KABUPATEN MAGETAN,2023,637903
211,KABUPATEN NGAWI,2023,842645
212,KABUPATEN BOJONEGORO,2023,1259078
213,KABUPATEN TUBAN,2023,1189785
214,KABUPATEN LAMONGAN,2023,1207761
215,KABUPATEN GRESIK,2023,1370060
216,KABUPATEN BANGKALAN,2023,1018075
217,KABUPATEN SAMPANG,2023,1021574
218,KABUPATEN PAMEKASAN,2023,914700
219,KABUPATEN SUMENEP,2023,1102978
220,KOTA KEDIRI,2023,294532
221,KOTA BLITAR,2023,145583
222,KOTA MALANG,2023,888338
223,KOTA PROBOLINGGO,2023,245240
224,KOTA PASURUAN,2023,205749
225,KOTA MOJOKERTO,2023,132844
226,KOTA MADIUN,2023,178647
227,KOTA SURABAYA,2023,2936833
228,KOTA BATU,2023,214508
229,KABUPATEN PACITAN,2024,588569
230,KABUPATEN PONOROGO,2024,962941
231,KABUPATEN TRENGGALEK,2024,744516
232,KABUPATEN TULUNGAGUNG,2024,1113847
233,KABUPATEN BLITAR,2024,1263645
234,KABUPATEN KEDIRI,2024,1689916
235,KABUPATEN MALANG,2024,2735993
236,KABUPATEN LUMAJANG,2024,1145849
237,KABUPATEN JEMBER,2024,2603817
238,KABUPATEN BANYUWANGI,2024,1754393
239,KABUPATEN BONDOWOSO,2024,792309
240,KABUPATEN SITUBONDO,2024,700719
241,KABUPATEN PROBOLINGGO,2024,1185242
242,KABUPATEN PASURUAN,2024,1657216
243,KABUPATEN SIDOARJO,2024,2171480
244,KABUPATEN MOJOKERTO,2024,1154257
245,KABUPATEN JOMBANG,2024,1362697
246,KABUPATEN NGANJUK,2024,1131777
247,KABUPATEN MADIUN,2024,757839
248,KABUPATEN MAGETAN,2024,685500
249,KABUPATEN NGAWI,2024,884086
250,KABUPATEN BOJONEGORO,2024,1325299
251,KABUPATEN TUBAN,2024,1225205
252,KABUPATEN LAMONGAN,2024,1378147
253,KABUPATEN GRESIK,2024,1364019
254,KABUPATEN BANGKALAN,2024,1102522
255,KABUPATEN SAMPANG,2024,1016254
256,KABUPATEN PAMEKASAN,2024,884697
257,KABUPATEN SUMENEP,2024,1153188
258,KOTA KEDIRI,2024,298227
259,KOTA BLITAR,2024,154867
260,KOTA MALANG,2024,872694
261,KOTA PROBOLINGGO,2024,249539
262,KOTA PASURUAN,2024,219392
263,KOTA MOJOKERTO,2024,137393
264,KOTA MADIUN,2024,201767
265,KOTA SURABAYA,2024,2921996
266,KOTA BATU,2024,222685
