no,kabupaten/kota,unit,tahun,dokter,keperawatan,kebidanan
1,KABUPATEN PACITAN,PUSKESMAS,2023,50,378,64
2,KABUPATEN PONOROGO,PUSKESMAS,2023,82,474,162
3,KABUPATEN TRENGGALEK,PUSKESMAS,2023,80,499,88
4,KABUPATEN TULUNGAGUNG,PUSKESMAS,2023,62,559,247
5,KABUPATEN BLITAR,PUSKESMAS,2023,67,307,143
6,KABUPATEN KEDIRI,PUSKESMAS,2023,93,284,244
7,KABUPATEN MALANG,PUSKESMAS,2023,136,776,348
8,KABUPATEN LUMAJANG,PUSKESMAS,2023,73,537,139
9,KABUPATEN JEMBER,PUSKESMAS,2023,102,879,328
10,KABUPATEN BANYUWANGI,PUSKESMAS,2023,82,560,273
11,KABUPATEN BONDOWOSO,PUSKESMAS,2023,62,629,108
12,KABUPATEN SITUBONDO,PUSKESMAS,2023,47,427,205
13,KABUPATEN PROBOLINGGO,PUSKESMAS,2023,36,566,171
14,KABUPATEN PASURUAN,PUSKESMAS,2023,82,505,249
15,KABUPATEN SIDOARJO,PUSKESMAS,2023,143,514,576
16,KABUPATEN MOJOKERTO,PUSKESMAS,2023,55,431,230
17,KABUPATEN JOMBANG,PUSKESMAS,2023,105,504,444
18,KABUPATEN NGANJUK,PUSKESMAS,2023,68,304,181
19,KABUPATEN MADIUN,PUSKESMAS,2023,57,304,98
20,KABUPATEN MAGETAN,PUSKESMAS,2023,46,398,157
21,KABUPATEN NGAWI,PUSKESMAS,2023,50,546,116
22,KABUPATEN BOJONEGORO,PUSKESMAS,2023,86,414,280
23,KABUPATEN TUBAN,PUSKESMAS,2023,68,351,137
24,KABUPATEN LAMONGAN,PUSKESMAS,2023,93,704,295
25,KABUPATEN GRESIK,PUSKESMAS,2023,127,631,391
26,KABUPATEN BANGKALAN,PUSKESMAS,2023,53,699,196
27,KABUPATEN SAMPANG,PUSKESMAS,2023,70,740,87
28,KABUPATEN PAMEKASAN,PUSKESMAS,2023,53,614,152
29,KABUPATEN SUMENEP,PUSKESMAS,2023,86,1011,125
30,KOTA KEDIRI,PUSKESMAS,2023,53,132,330
31,KOTA BLITAR,PUSKESMAS,2023,12,61,107
32,KOTA MALANG,PUSKESMAS,2023,59,99,579
33,KOTA PROBOLINGGO,PUSKESMAS,2023,27,89,120
34,KOTA PASURUAN,PUSKESMAS,2023,33,98,75
35,KOTA MOJOKERTO,PUSKESMAS,2023,30,143,112
36,KOTA MADIUN,PUSKESMAS,2023,38,70,241
37,KOTA SURABAYA,PUSKESMAS,2023,370,491,1155
38,KOTA BATU,PUSKESMAS,2023,15,69,63
39,KABUPATEN PACITAN,RUMAH SAKIT,2023,25,273,64
40,KABUPATEN PONOROGO,RUMAH SAKIT,2023,144,938,162
41,KABUPATEN TRENGGALEK,RUMAH SAKIT,2023,32,417,88
42,KABUPATEN TULUNGAGUNG,RUMAH SAKIT,2023,130,1476,247
43,KABUPATEN BLITAR,RUMAH SAKIT,2023,117,722,143
44,KABUPATEN KEDIRI,RUMAH SAKIT,2023,123,1127,244
45,KABUPATEN MALANG,RUMAH SAKIT,2023,310,2546,348
46,KABUPATEN LUMAJANG,RUMAH SAKIT,2023,99,807,139
47,KABUPATEN JEMBER,RUMAH SAKIT,2023,226,1719,328
48,KABUPATEN BANYUWANGI,RUMAH SAKIT,2023,129,1205,273
49,KABUPATEN BONDOWOSO,RUMAH SAKIT,2023,54,547,108
50,KABUPATEN SITUBONDO,RUMAH SAKIT,2023,68,578,205
51,KABUPATEN PROBOLINGGO,RUMAH SAKIT,2023,52,613,171
52,KABUPATEN PASURUAN,RUMAH SAKIT,2023,93,1063,249
53,KABUPATEN SIDOARJO,RUMAH SAKIT,2023,296,3201,576
54,KABUPATEN MOJOKERTO,RUMAH SAKIT,2023,159,1119,230
55,KABUPATEN JOMBANG,RUMAH SAKIT,2023,145,1304,444
56,KABUPATEN NGANJUK,RUMAH SAKIT,2023,63,770,181
57,KABUPATEN MADIUN,RUMAH SAKIT,2023,62,512,98
58,KABUPATEN MAGETAN,RUMAH SAKIT,2023,70,482,157
59,KABUPATEN NGAWI,RUMAH SAKIT,2023,61,649,116
60,KABUPATEN BOJONEGORO,RUMAH SAKIT,2023,122,1052,280
61,KABUPATEN TUBAN,RUMAH SAKIT,2023,76,766,137
62,KABUPATEN LAMONGAN,RUMAH SAKIT,2023,230,1502,295
63,KABUPATEN GRESIK,RUMAH SAKIT,2023,255,1453,391
64,KABUPATEN BANGKALAN,RUMAH SAKIT,2023,55,478,196
65,KABUPATEN SAMPANG,RUMAH SAKIT,2023,30,314,87
66,KABUPATEN PAMEKASAN,RUMAH SAKIT,2023,74,620,152
67,KABUPATEN SUMENEP,RUMAH SAKIT,2023,56,509,125
68,KOTA KEDIRI,RUMAH SAKIT,2023,160,1423,330
69,KOTA BLITAR,RUMAH SAKIT,2023,53,680,107
70,KOTA MALANG,RUMAH SAKIT,2023,393,3362,579
71,KOTA PROBOLINGGO,RUMAH SAKIT,2023,61,407,120
72,KOTA PASURUAN,RUMAH SAKIT,2023,30,307,75
73,KOTA MOJOKERTO,RUMAH SAKIT,2023,96,741,112
74,KOTA MADIUN,RUMAH SAKIT,2023,113,1085,241
75,KOTA SURABAYA,RUMAH SAKIT,2023,2276,9552,1155
76,KOTA BATU,RUMAH SAKIT,2023,63,456,63
77,KABUPATEN PACITAN,SARANA FASILITAS PELAYANAN KESEHATAN LAINNYA,2023,68,94,42
78,KABUPATEN PONOROGO,SARANA FASILITAS PELAYANAN KESEHATAN LAINNYA,2023,107,234,213
79,KABUPATEN TRENGGALEK,SARANA FASILITAS PELAYANAN KESEHATAN LAINNYA,2023,70,129,76
80,KABUPATEN TULUNGAGUNG,SARANA FASILITAS PELAYANAN KESEHATAN LAINNYA,2023,282,359,188
81,KABUPATEN BLITAR,SARANA FASILITAS PELAYANAN KESEHATAN LAINNYA,2023,187,249,272
82,KABUPATEN KEDIRI,SARANA FASILITAS PELAYANAN KESEHATAN LAINNYA,2023,228,249,202
83,KABUPATEN MALANG,SARANA FASILITAS PELAYANAN KESEHATAN LAINNYA,2023,352,402,346
84,KABUPATEN LUMAJANG,SARANA FASILITAS PELAYANAN KESEHATAN LAINNYA,2023,182,448,371
85,KABUPATEN JEMBER,SARANA FASILITAS PELAYANAN KESEHATAN LAINNYA,2023,270,428,376
86,KABUPATEN BANYUWANGI,SARANA FASILITAS PELAYANAN KESEHATAN LAINNYA,2023,390,267,161
87,KABUPATEN BONDOWOSO,SARANA FASILITAS PELAYANAN KESEHATAN LAINNYA,2023,67,86,67
88,KABUPATEN SITUBONDO,SARANA FASILITAS PELAYANAN KESEHATAN LAINNYA,2023,55,59,52
89,KABUPATEN PROBOLINGGO,SARANA FASILITAS PELAYANAN KESEHATAN LAINNYA,2023,87,172,144
90,KABUPATEN PASURUAN,SARANA FASILITAS PELAYANAN KESEHATAN LAINNYA,2023,183,260,301
91,KABUPATEN SIDOARJO,SARANA FASILITAS PELAYANAN KESEHATAN LAINNYA,2023,689,436,422
92,KABUPATEN MOJOKERTO,SARANA FASILITAS PELAYANAN KESEHATAN LAINNYA,2023,256,229,151
93,KABUPATEN JOMBANG,SARANA FASILITAS PELAYANAN KESEHATAN LAINNYA,2023,164,169,119
94,KABUPATEN NGANJUK,SARANA FASILITAS PELAYANAN KESEHATAN LAINNYA,2023,145,236,109
95,KABUPATEN MADIUN,SARANA FASILITAS PELAYANAN KESEHATAN LAINNYA,2023,47,104,192
96,KABUPATEN MAGETAN,SARANA FASILITAS PELAYANAN KESEHATAN LAINNYA,2023,70,100,45
97,KABUPATEN NGAWI,SARANA FASILITAS PELAYANAN KESEHATAN LAINNYA,2023,143,137,53
98,KABUPATEN BOJONEGORO,SARANA FASILITAS PELAYANAN KESEHATAN LAINNYA,2023,187,279,368
99,KABUPATEN TUBAN,SARANA FASILITAS PELAYANAN KESEHATAN LAINNYA,2023,209,204,79
100,KABUPATEN LAMONGAN,SARANA FASILITAS PELAYANAN KESEHATAN LAINNYA,2023,146,268,151
101,KABUPATEN GRESIK,SARANA FASILITAS PELAYANAN KESEHATAN LAINNYA,2023,252,256,216
102,KABUPATEN BANGKALAN,SARANA FASILITAS PELAYANAN KESEHATAN LAINNYA,2023,85,89,32
103,KABUPATEN SAMPANG,SARANA FASILITAS PELAYANAN KESEHATAN LAINNYA,2023,50,92,31
104,KABUPATEN PAMEKASAN,SARANA FASILITAS PELAYANAN KESEHATAN LAINNYA,2023,115,120,36
105,KABUPATEN SUMENEP,SARANA FASILITAS PELAYANAN KESEHATAN LAINNYA,2023,26,65,35
106,KOTA KEDIRI,SARANA FASILITAS PELAYANAN KESEHATAN LAINNYA,2023,141,142,81
107,KOTA BLITAR,SARANA FASILITAS PELAYANAN KESEHATAN LAINNYA,2023,94,90,43
108,KOTA MALANG,SARANA FASILITAS PELAYANAN KESEHATAN LAINNYA,2023,321,314,125
109,KOTA PROBOLINGGO,SARANA FASILITAS PELAYANAN KESEHATAN LAINNYA,2023,105,77,127
110,KOTA PASURUAN,SARANA FASILITAS PELAYANAN KESEHATAN LAINNYA,2023,110,130,79
111,KOTA MOJOKERTO,SARANA FASILITAS PELAYANAN KESEHATAN LAINNYA,2023,68,89,54
112,KOTA MADIUN,SARANA FASILITAS PELAYANAN KESEHATAN LAINNYA,2023,113,140,44
113,KOTA SURABAYA,SARANA FASILITAS PELAYANAN KESEHATAN LAINNYA,2023,1011,941,220
114,KOTA BATU,SARANA FASILITAS PELAYANAN KESEHATAN LAINNYA,2023,68,41,38
115,KABUPATEN PACITAN,PUSKESMAS,2024,49,385,293
116,KABUPATEN PONOROGO,PUSKESMAS,2024,76,485,459
117,KABUPATEN TRENGGALEK,PUSKESMAS,2024,72,484,360
118,KABUPATEN TULUNGAGUNG,PUSKESMAS,2024,60,541,625
119,KABUPATEN BLITAR,PUSKESMAS,2024,62,332,499
120,KABUPATEN KEDIRI,PUSKESMAS,2024,140,349,531
121,KABUPATEN MALANG,PUSKESMAS,2024,176,779,738
122,KABUPATEN LUMAJANG,PUSKESMAS,2024,95,558,424
123,KABUPATEN JEMBER,PUSKESMAS,2024,112,893,983
124,KABUPATEN BANYUWANGI,PUSKESMAS,2024,78,545,723
125,KABUPATEN BONDOWOSO,PUSKESMAS,2024,53,647,576
126,KABUPATEN SITUBONDO,PUSKESMAS,2024,42,433,542
127,KABUPATEN PROBOLINGGO,PUSKESMAS,2024,45,618,633
128,KABUPATEN PASURUAN,PUSKESMAS,2024,85,542,635
129,KABUPATEN SIDOARJO,PUSKESMAS,2024,174,513,514
130,KABUPATEN MOJOKERTO,PUSKESMAS,2024,69,435,442
131,KABUPATEN JOMBANG,PUSKESMAS,2024,134,533,770
132,KABUPATEN NGANJUK,PUSKESMAS,2024,69,306,503
133,KABUPATEN MADIUN,PUSKESMAS,2024,54,325,372
134,KABUPATEN MAGETAN,PUSKESMAS,2024,45,482,467
135,KABUPATEN NGAWI,PUSKESMAS,2024,64,570,584
136,KABUPATEN BOJONEGORO,PUSKESMAS,2024,79,530,731
137,KABUPATEN TUBAN,PUSKESMAS,2024,71,346,565
138,KABUPATEN LAMONGAN,PUSKESMAS,2024,112,732,822
139,KABUPATEN GRESIK,PUSKESMAS,2024,127,670,679
140,KABUPATEN BANGKALAN,PUSKESMAS,2024,68,686,912
141,KABUPATEN SAMPANG,PUSKESMAS,2024,80,746,755
142,KABUPATEN PAMEKASAN,PUSKESMAS,2024,53,617,612
143,KABUPATEN SUMENEP,PUSKESMAS,2024,84,960,1073
144,KOTA KEDIRI,PUSKESMAS,2024,68,140,156
145,KOTA BLITAR,PUSKESMAS,2024,16,83,68
146,KOTA MALANG,PUSKESMAS,2024,70,91,156
147,KOTA PROBOLINGGO,PUSKESMAS,2024,21,93,84
148,KOTA PASURUAN,PUSKESMAS,2024,35,98,133
149,KOTA MOJOKERTO,PUSKESMAS,2024,35,110,74
150,KOTA MADIUN,PUSKESMAS,2024,42,68,69
151,KOTA SURABAYA,PUSKESMAS,2024,377,540,598
152,KOTA BATU,PUSKESMAS,2024,16,72,49
153,KABUPATEN PACITAN,RUMAH SAKIT,2024,46,241,56
154,KABUPATEN PONOROGO,RUMAH SAKIT,2024,166,1101,184
155,KABUPATEN TRENGGALEK,RUMAH SAKIT,2024,54,476,96
156,KABUPATEN TULUNGAGUNG,RUMAH SAKIT,2024,156,1518,267
157,KABUPATEN BLITAR,RUMAH SAKIT,2024,115,745,147
158,KABUPATEN KEDIRI,RUMAH SAKIT,2024,128,1144,241
159,KABUPATEN MALANG,RUMAH SAKIT,2024,418,2898,413
160,KABUPATEN LUMAJANG,RUMAH SAKIT,2024,134,855,142
161,KABUPATEN JEMBER,RUMAH SAKIT,2024,172,1789,340
162,KABUPATEN BANYUWANGI,RUMAH SAKIT,2024,155,1268,275
163,KABUPATEN BONDOWOSO,RUMAH SAKIT,2024,58,614,125
164,KABUPATEN SITUBONDO,RUMAH SAKIT,2024,82,629,224
165,KABUPATEN PROBOLINGGO,RUMAH SAKIT,2024,64,583,171
166,KABUPATEN PASURUAN,RUMAH SAKIT,2024,136,1226,283
167,KABUPATEN SIDOARJO,RUMAH SAKIT,2024,328,3146,581
168,KABUPATEN MOJOKERTO,RUMAH SAKIT,2024,171,1225,245
169,KABUPATEN JOMBANG,RUMAH SAKIT,2024,172,1321,458
170,KABUPATEN NGANJUK,RUMAH SAKIT,2024,58,796,168
171,KABUPATEN MADIUN,RUMAH SAKIT,2024,52,508,94
172,KABUPATEN MAGETAN,RUMAH SAKIT,2024,67,506,174
173,KABUPATEN NGAWI,RUMAH SAKIT,2024,62,706,125
174,KABUPATEN BOJONEGORO,RUMAH SAKIT,2024,144,1136,287
175,KABUPATEN TUBAN,RUMAH SAKIT,2024,103,819,149
176,KABUPATEN LAMONGAN,RUMAH SAKIT,2024,237,1653,340
177,KABUPATEN GRESIK,RUMAH SAKIT,2024,292,1448,396
178,KABUPATEN BANGKALAN,RUMAH SAKIT,2024,58,476,193
179,KABUPATEN SAMPANG,RUMAH SAKIT,2024,43,361,103
180,KABUPATEN PAMEKASAN,RUMAH SAKIT,2024,86,640,156
181,KABUPATEN SUMENEP,RUMAH SAKIT,2024,70,529,131
182,KOTA KEDIRI,RUMAH SAKIT,2024,200,1498,339
183,KOTA BLITAR,RUMAH SAKIT,2024,61,678,99
184,KOTA MALANG,RUMAH SAKIT,2024,402,3489,592
185,KOTA PROBOLINGGO,RUMAH SAKIT,2024,64,439,113
186,KOTA PASURUAN,RUMAH SAKIT,2024,37,327,70
187,KOTA MOJOKERTO,RUMAH SAKIT,2024,85,759,118
188,KOTA MADIUN,RUMAH SAKIT,2024,126,1233,241
189,KOTA SURABAYA,RUMAH SAKIT,2024,2116,10016,1217
190,KOTA BATU,RUMAH SAKIT,2024,77,497,71
191,KABUPATEN PACITAN,SARANA FASILITAS PELAYANAN KESEHATAN LAINNYA,2024,82,105,43
192,KABUPATEN PONOROGO,SARANA FASILITAS PELAYANAN KESEHATAN LAINNYA,2024,159,298,273
193,KABUPATEN TRENGGALEK,SARANA FASILITAS PELAYANAN KESEHATAN LAINNYA,2024,91,137,94
194,KABUPATEN TULUNGAGUNG,SARANA FASILITAS PELAYANAN KESEHATAN LAINNYA,2024,298,381,301
195,KABUPATEN BLITAR,SARANA FASILITAS PELAYANAN KESEHATAN LAINNYA,2024,188,265,285
196,KABUPATEN KEDIRI,SARANA FASILITAS PELAYANAN KESEHATAN LAINNYA,2024,298,275,219
197,KABUPATEN MALANG,SARANA FASILITAS PELAYANAN KESEHATAN LAINNYA,2024,585,558,640
198,KABUPATEN LUMAJANG,SARANA FASILITAS PELAYANAN KESEHATAN LAINNYA,2024,186,434,383
199,KABUPATEN JEMBER,SARANA FASILITAS PELAYANAN KESEHATAN LAINNYA,2024,300,422,384
200,KABUPATEN BANYUWANGI,SARANA FASILITAS PELAYANAN KESEHATAN LAINNYA,2024,435,293,173
201,KABUPATEN BONDOWOSO,SARANA FASILITAS PELAYANAN KESEHATAN LAINNYA,2024,66,99,79
202,KABUPATEN SITUBONDO,SARANA FASILITAS PELAYANAN KESEHATAN LAINNYA,2024,70,69,81
203,KABUPATEN PROBOLINGGO,SARANA FASILITAS PELAYANAN KESEHATAN LAINNYA,2024,65,161,143
204,KABUPATEN PASURUAN,SARANA FASILITAS PELAYANAN KESEHATAN LAINNYA,2024,209,237,199
205,KABUPATEN SIDOARJO,SARANA FASILITAS PELAYANAN KESEHATAN LAINNYA,2024,799,474,436
206,KABUPATEN MOJOKERTO,SARANA FASILITAS PELAYANAN KESEHATAN LAINNYA,2024,343,272,282
207,KABUPATEN JOMBANG,SARANA FASILITAS PELAYANAN KESEHATAN LAINNYA,2024,220,204,226
208,KABUPATEN NGANJUK,SARANA FASILITAS PELAYANAN KESEHATAN LAINNYA,2024,163,265,118
209,KABUPATEN MADIUN,SARANA FASILITAS PELAYANAN KESEHATAN LAINNYA,2024,77,97,194
210,KABUPATEN MAGETAN,SARANA FASILITAS PELAYANAN KESEHATAN LAINNYA,2024,90,108,119
211,KABUPATEN NGAWI,SARANA FASILITAS PELAYANAN KESEHATAN LAINNYA,2024,171,169,61
212,KABUPATEN BOJONEGORO,SARANA FASILITAS PELAYANAN KESEHATAN LAINNYA,2024,214,299,370
213,KABUPATEN TUBAN,SARANA FASILITAS PELAYANAN KESEHATAN LAINNYA,2024,199,255,194
214,KABUPATEN LAMONGAN,SARANA FASILITAS PELAYANAN KESEHATAN LAINNYA,2024,219,340,350
215,KABUPATEN GRESIK,SARANA FASILITAS PELAYANAN KESEHATAN LAINNYA,2024,294,268,241
216,KABUPATEN BANGKALAN,SARANA FASILITAS PELAYANAN KESEHATAN LAINNYA,2024,102,84,36
217,KABUPATEN SAMPANG,SARANA FASILITAS PELAYANAN KESEHATAN LAINNYA,2024,57,86,33
218,KABUPATEN PAMEKASAN,SARANA FASILITAS PELAYANAN KESEHATAN LAINNYA,2024,131,146,79
219,KABUPATEN SUMENEP,SARANA FASILITAS PELAYANAN KESEHATAN LAINNYA,2024,77,109,68
220,KOTA KEDIRI,SARANA FASILITAS PELAYANAN KESEHATAN LAINNYA,2024,175,156,105
221,KOTA BLITAR,SARANA FASILITAS PELAYANAN KESEHATAN LAINNYA,2024,87,86,27
222,KOTA MALANG,SARANA FASILITAS PELAYANAN KESEHATAN LAINNYA,2024,407,359,181
223,KOTA PROBOLINGGO,SARANA FASILITAS PELAYANAN KESEHATAN LAINNYA,2024,121,82,145
224,KOTA PASURUAN,SARANA FASILITAS PELAYANAN KESEHATAN LAINNYA,2024,112,146,82
225,KOTA MOJOKERTO,SARANA FASILITAS PELAYANAN KESEHATAN LAINNYA,2024,83,94,59
226,KOTA MADIUN,SARANA FASILITAS PELAYANAN KESEHATAN LAINNYA,2024,142,151,49
227,KOTA SURABAYA,SARANA FASILITAS PELAYANAN KESEHATAN LAINNYA,2024,1359,1120,258
228,KOTA BATU,SARANA FASILITAS PELAYANAN KESEHATAN LAINNYA,2024,83,42,41
